DataYear,DistrictCountyNumber,DistrictCountyName,districtNumber,districtType,DistrictName,schoolNumber,SchoolName,ECSUNumber,EconomicDevelopmentRegion,Grade,AMI_Male,AMI_Female,API_Male,API_Female,HIS_Male,HIS_Female,BLK_Male,BLK_Female,WHT_Male,WHT_Female,TotalMale,TotalFemale,TotalMinority,TotalStudents,SchoolLocationCountyNumber,SchoolLocationCountyName,SchoolClassification
03-04,01,Aitkin                                       ,0001,01,AITKIN                             ,000, ,03,03 ,All Grades,6,11,4,5,6,5,8,3,660,614,684,638,48,1322,  , ,  
03-04,01,Aitkin                                       ,0002,01,HILL CITY                          ,000, ,03,03 ,All Grades,2,5,0,0,2,2,0,0,194,157,198,164,11,362,  , ,  
03-04,01,Aitkin                                       ,0004,01,MCGREGOR                           ,000, ,03,03 ,All Grades,46,35,1,2,0,1,1,1,231,201,279,240,87,519,  , ,  
03-04,02,Anoka                                        ,0011,01,ANOKA-HENNEPIN                     ,000, ,11,11 ,All Grades,293,281,974,929,450,423,996,998,18414,17496,21127,20127,5344,41254,  , ,  
03-04,02,Anoka                                        ,0012,01,CENTENNIAL                         ,000, ,11,11 ,All Grades,52,62,89,92,48,50,41,47,3365,3205,3595,3456,481,7051,  , ,  
03-04,02,Anoka                                        ,0013,01,COLUMBIA HEIGHTS                   ,000, ,11,11 ,All Grades,48,50,102,105,158,142,260,266,911,929,1479,1492,1131,2971,  , ,  
03-04,02,Anoka                                        ,0014,01,FRIDLEY                            ,000, ,11,11 ,All Grades,35,34,86,105,43,40,183,164,984,907,1331,1250,690,2581,  , ,  
03-04,02,Anoka                                        ,0015,01,ST. FRANCIS                        ,000, ,11,11 ,All Grades,41,47,59,61,35,41,48,34,2912,2668,3095,2851,366,5946,  , ,  
03-04,02,Anoka                                        ,0016,01,SPRING LAKE PARK                   ,000, ,11,11 ,All Grades,42,40,131,131,107,98,92,98,1847,1733,2219,2100,739,4319,  , ,  
03-04,02,Anoka                                        ,4008,07,PACT CHARTER SCHOOL                ,000, ,11,11 ,All Grades,1,1,1,2,0,0,6,2,184,157,192,162,13,354,  , ,  
03-04,02,Anoka                                        ,4049,07,COON RAPIDS LEARNING CENTER        ,000, ,11,11 ,All Grades,2,4,3,0,2,0,4,2,90,60,101,66,17,167,  , ,  
03-04,02,Anoka                                        ,4104,07,LIBERTY HIGH SCHOOL                ,000, ,11,11 ,All Grades,1,2,0,2,1,2,2,3,57,42,61,51,13,112,  , ,  
03-04,03,Becker                                       ,0022,01,DETROIT LAKES                      ,000, ,04,04 ,All Grades,150,175,9,11,15,20,8,15,1221,1160,1403,1381,403,2784,  , ,  
03-04,03,Becker                                       ,0023,01,FRAZEE-VERGAS                      ,000, ,04,04 ,All Grades,49,36,4,4,5,3,4,5,556,526,618,574,110,1192,  , ,  
03-04,03,Becker                                       ,0025,01,PINE POINT                         ,000, ,04,04 ,All Grades,37,32,0,0,0,0,0,0,0,0,37,32,69,69,  , ,  
03-04,03,Becker                                       ,0397,52,LAKE AGASSIZ SP. ED. COOP.         ,000, ,04,04 ,All Grades,0,0,0,0,3,0,0,1,12,11,15,12,4,27,  , ,  
03-04,03,Becker                                       ,2889,01,LAKE PARK AUDUBON DISTRICT         ,000, ,04,04 ,All Grades,4,6,3,6,4,3,0,1,348,300,359,316,27,675,  , ,  
03-04,04,Beltrami                                     ,0031,01,BEMIDJI                            ,000, ,01,02 ,All Grades,407,382,19,26,25,22,35,26,2095,1864,2581,2320,942,4901,  , ,  
03-04,04,Beltrami                                     ,0032,01,BLACKDUCK                          ,000, ,01,02 ,All Grades,40,37,0,0,7,4,5,7,346,345,398,393,100,791,  , ,  
03-04,04,Beltrami                                     ,0036,01,KELLIHER                           ,000, ,01,02 ,All Grades,41,44,0,0,0,0,4,0,103,86,148,130,89,278,  , ,  
03-04,04,Beltrami                                     ,0038,01,RED LAKE                           ,000, ,01,02 ,All Grades,776,727,0,0,0,0,0,0,0,0,776,727,1503,1503,  , ,  
03-04,04,Beltrami                                     ,4058,07,SCHOOLCRAFT LEARNING COMMUNITY CHTR,000, ,01,02 ,All Grades,3,4,0,1,3,2,2,1,73,71,81,79,16,160,  , ,  
03-04,04,Beltrami                                     ,4106,07,TREKNORTH HIGH SCHOOL              ,000, ,01,02 ,All Grades,15,13,1,0,0,1,2,2,64,62,82,78,34,160,  , ,  
03-04,05,Benton                                       ,0047,01,SAUK RAPIDS                        ,000, ,07,07W,All Grades,3,4,30,32,20,9,22,24,1778,1683,1853,1752,144,3605,  , ,  
03-04,05,Benton                                       ,0051,01,FOLEY                              ,000, ,07,07W,All Grades,2,6,4,1,4,2,8,6,838,806,856,821,33,1677,  , ,  
03-04,06,Big Stone                                    ,0062,01,ORTONVILLE                         ,000, ,06,06W,All Grades,4,5,0,0,3,1,0,0,326,272,333,278,13,611,  , ,  
03-04,06,Big Stone                                    ,2888,01,CLINTON-GRACEVILLE-BEARDSLEY       ,000, ,06,06W,All Grades,5,1,2,1,0,1,1,3,258,224,266,230,14,496,  , ,  
03-04,07,Blue Earth                                   ,0075,01,ST. CLAIR                          ,000, ,09,09 ,All Grades,0,0,0,0,0,0,1,0,346,305,347,305,1,652,  , ,  
03-04,07,Blue Earth                                   ,0077,01,MANKATO                            ,000, ,09,09 ,All Grades,15,12,85,84,131,117,211,164,3190,3078,3632,3455,819,7087,  , ,  
03-04,07,Blue Earth                                   ,2071,01,LAKE CRYSTAL-WELLCOME MEMORIAL     ,000, ,09,09 ,All Grades,0,0,0,3,6,1,4,1,431,355,441,360,15,801,  , ,  
03-04,07,Blue Earth                                   ,2135,01,MAPLE RIVER                        ,000, ,09,09 ,All Grades,0,1,6,4,9,4,6,5,626,614,647,628,35,1275,  , ,  
03-04,07,Blue Earth                                   ,4066,07,RIVERBEND ACADEMY                  ,000, ,09,09 ,All Grades,0,1,2,1,2,0,0,2,65,45,69,49,8,118,  , ,  
03-04,08,Brown                                        ,0081,01,COMFREY                            ,000, ,09,09 ,All Grades,0,0,0,0,5,3,0,1,81,72,86,76,9,162,  , ,  
03-04,08,Brown                                        ,0084,01,SLEEPY EYE                         ,000, ,09,09 ,All Grades,0,0,4,3,110,81,0,0,234,227,348,311,198,659,  , ,  
03-04,08,Brown                                        ,0085,01,SPRINGFIELD                        ,000, ,09,09 ,All Grades,0,1,0,3,5,5,1,0,347,317,353,326,15,679,  , ,  
03-04,08,Brown                                        ,0088,01,NEW ULM                            ,000, ,09,09 ,All Grades,5,3,12,7,22,22,11,6,1196,1095,1246,1133,88,2379,  , ,  
03-04,08,Brown                                        ,4051,07,HANSKA CHARTER SCHOOL              ,000, ,09,09 ,All Grades,0,0,0,0,0,0,0,0,19,10,19,10,0,29,  , ,  
03-04,09,Carlton                                      ,0091,01,BARNUM                             ,000, ,03,03 ,All Grades,15,7,1,3,3,1,2,2,325,301,346,314,34,660,  , ,  
03-04,09,Carlton                                      ,0093,01,CARLTON                            ,000, ,03,03 ,All Grades,50,38,1,0,0,0,0,0,305,269,356,307,89,663,  , ,  
03-04,09,Carlton                                      ,0094,01,CLOQUET                            ,000, ,03,03 ,All Grades,188,166,14,8,8,10,9,10,976,959,1195,1153,413,2348,  , ,  
03-04,09,Carlton                                      ,0095,01,CROMWELL-WRIGHT                    ,000, ,03,03 ,All Grades,7,4,0,0,0,0,1,0,148,140,156,144,12,300,  , ,  
03-04,09,Carlton                                      ,0097,01,MOOSE LAKE                         ,000, ,03,03 ,All Grades,8,7,4,7,5,2,3,8,412,348,432,372,44,804,  , ,  
03-04,09,Carlton                                      ,0099,01,ESKO                               ,000, ,03,03 ,All Grades,1,0,3,5,0,1,6,3,579,539,589,548,19,1137,  , ,  
03-04,09,Carlton                                      ,0100,01,WRENSHALL                          ,000, ,03,03 ,All Grades,4,2,1,2,0,0,0,2,194,165,199,171,11,370,  , ,  
03-04,10,Carver                                       ,0108,01,NORWOOD                            ,000, ,11,11 ,All Grades,3,1,5,9,29,15,7,6,476,460,520,491,75,1011,  , ,  
03-04,10,Carver                                       ,0110,01,WACONIA                            ,000, ,11,11 ,All Grades,7,4,14,25,20,28,22,16,1201,1082,1264,1155,136,2419,  , ,  
03-04,10,Carver                                       ,0111,01,WATERTOWN-MAYER                    ,000, ,11,11 ,All Grades,2,4,12,11,6,14,5,12,733,684,758,725,66,1483,  , ,  
03-04,10,Carver                                       ,0112,01,CHASKA                             ,000, ,11,11 ,All Grades,7,6,113,133,222,216,82,98,3730,3429,4154,3882,877,8036,  , ,  
03-04,10,Carver                                       ,0930,53,CARVER-SCOTT EDUCATIONAL COOP.     ,000, ,11,11 ,All Grades,6,3,2,3,5,13,3,4,182,142,198,165,39,363,  , ,  
03-04,10,Carver                                       ,4016,07,WORLD LEARNER CHARTER SCHOOL       ,000, ,11,11 ,All Grades,0,1,3,6,1,1,0,0,55,51,59,59,12,118,  , ,  
03-04,11,Cass                                         ,0113,01,WALKER-HACKENSACK-AKELEY           ,000, ,05,05 ,All Grades,111,104,1,3,3,2,3,0,416,384,534,493,227,1027,  , ,  
03-04,11,Cass                                         ,0115,01,CASS LAKE-BENA SCHOOLS             ,000, ,05,05 ,All Grades,463,482,1,3,1,0,2,1,108,110,575,596,953,1171,  , ,  
03-04,11,Cass                                         ,0116,01,PILLAGER                           ,000, ,05,05 ,All Grades,2,1,2,1,0,0,0,2,408,346,412,350,8,762,  , ,  
03-04,11,Cass                                         ,0118,01,NORTHLAND COMMUNITY SCHOOLS        ,000, ,05,05 ,All Grades,45,47,0,0,1,0,3,4,211,221,260,272,100,532,  , ,  
03-04,11,Cass                                         ,2174,01,PINE RIVER-BACKUS                  ,000, ,05,05 ,All Grades,6,10,5,3,5,3,7,7,503,524,526,547,46,1073,  , ,  
03-04,11,Cass                                         ,4080,07,PILLAGER AREA CHARTER SCHOOL       ,000, ,05,05 ,All Grades,0,0,0,0,1,0,0,0,24,16,25,16,1,41,  , ,  
03-04,12,Chippewa                                     ,0129,01,MONTEVIDEO                         ,000, ,06,06W,All Grades,4,3,4,4,31,34,4,6,711,664,754,711,90,1465,  , ,  
03-04,12,Chippewa                                     ,2180,01,M.A.C.C.R.A.Y.                     ,000, ,06,06W,All Grades,1,1,0,0,18,18,7,4,416,355,442,378,49,820,  , ,  
03-04,12,Chippewa                                     ,6018,61,MINNESOTA RIVER VALLEY ED. DISTRICT,000, ,06,06W,All Grades,1,0,0,0,6,9,0,0,46,35,53,44,16,97,  , ,  
03-04,13,Chisago                                      ,0138,01,NORTH BRANCH                       ,000, ,07,07E,All Grades,17,13,36,34,33,31,10,9,1930,1859,2026,1946,183,3972,  , ,  
03-04,13,Chisago                                      ,0139,01,RUSH CITY                          ,000, ,07,07E,All Grades,7,4,6,2,6,5,7,5,510,434,536,450,42,986,  , ,  
03-04,13,Chisago                                      ,2144,01,CHISAGO LAKES                      ,000, ,07,07E,All Grades,8,11,31,35,21,19,22,21,1828,1627,1910,1713,168,3623,  , ,  
03-04,13,Chisago                                      ,4095,07,TRIO WOLF CREEK DISTANCE LEARNING  ,000, ,07,07E,All Grades,0,0,0,0,0,0,0,0,21,35,21,35,0,56,  , ,  
03-04,14,Clay                                         ,0146,01,BARNESVILLE                        ,000, ,04,04 ,All Grades,0,0,1,1,3,2,2,4,393,374,399,381,13,780,  , ,  
03-04,14,Clay                                         ,0150,01,HAWLEY                             ,000, ,04,04 ,All Grades,1,2,1,0,1,0,5,4,471,405,479,411,14,890,  , ,  
03-04,14,Clay                                         ,0152,01,MOORHEAD                           ,000, ,04,04 ,All Grades,85,79,39,43,247,199,78,56,2368,2171,2817,2548,826,5365,  , ,  
03-04,14,Clay                                         ,0914,01,ULEN-HITTERDAL                     ,000, ,04,04 ,All Grades,5,5,1,0,0,2,0,0,152,119,158,126,13,284,  , ,  
03-04,14,Clay                                         ,2164,01,DILWORTH-GLYNDON-FELTON            ,000, ,04,04 ,All Grades,16,24,3,4,72,54,9,5,624,555,724,642,187,1366,  , ,  
03-04,15,Clearwater                                   ,0162,01,BAGLEY                             ,000, ,01,02 ,All Grades,127,126,1,6,6,5,1,1,398,409,533,547,273,1080,  , ,  
03-04,15,Clearwater                                   ,2311,01,CLEARBROOK-GONVICK                 ,000, ,01,02 ,All Grades,21,30,1,7,0,4,2,2,238,197,262,240,67,502,  , ,  
03-04,16,Cook                                         ,0166,01,COOK COUNTY                        ,000, ,03,03 ,All Grades,46,44,2,7,0,1,3,0,287,254,338,306,103,644,  , ,  
03-04,16,Cook                                         ,4100,07,GREAT EXPECTATIONS                 ,000, ,03,03 ,All Grades,4,3,0,1,0,1,0,0,19,14,23,19,9,42,  , ,  
03-04,17,Cottonwood                                   ,0173,01,MOUNTAIN LAKE                      ,000, ,06,08 ,All Grades,0,0,49,44,32,22,3,3,200,173,284,242,153,526,  , ,  
03-04,17,Cottonwood                                   ,0177,01,WINDOM                             ,000, ,06,08 ,All Grades,6,6,3,8,29,26,6,4,474,478,518,522,88,1040,  , ,  
03-04,17,Cottonwood                                   ,2884,01,RED ROCK CENTRAL                   ,000, ,06,08 ,All Grades,0,2,1,2,3,4,0,2,271,239,275,249,14,524,  , ,  
03-04,17,Cottonwood                                   ,2898,01,WESTBROOK-WALNUT GROVE SCHOOLS     ,000, ,06,08 ,All Grades,0,0,41,66,2,2,0,6,191,216,234,290,117,524,  , ,  
03-04,18,Crow Wing                                    ,0181,01,BRAINERD                           ,000, ,05,05 ,All Grades,50,49,17,23,16,21,53,37,3598,3394,3734,3524,266,7258,  , ,  
03-04,18,Crow Wing                                    ,0182,01,CROSBY-IRONTON                     ,000, ,05,05 ,All Grades,13,7,2,2,3,7,3,7,680,702,701,725,44,1426,  , ,  
03-04,18,Crow Wing                                    ,0186,01,PEQUOT LAKES                       ,000, ,05,05 ,All Grades,4,2,0,2,2,4,0,2,713,655,719,665,16,1384,  , ,  
03-04,18,Crow Wing                                    ,4012,07,EMILY CHARTER SCHOOL               ,000, ,05,05 ,All Grades,0,0,0,0,0,0,0,0,40,40,40,40,0,80,  , ,  
03-04,18,Crow Wing                                    ,4059,07,CROSSLAKE COMMUNITY CHARTER SCHOOL ,000, ,05,05 ,All Grades,0,0,0,0,0,0,0,3,48,36,48,39,3,87,  , ,  
03-04,19,Dakota                                       ,0006,03,SOUTH ST. PAUL                     ,000, ,11,11 ,All Grades,16,13,16,29,200,168,76,64,1437,1350,1745,1624,582,3369,  , ,  
03-04,19,Dakota                                       ,0191,01,BURNSVILLE                         ,000, ,11,11 ,All Grades,40,28,423,420,268,215,662,627,4429,4108,5822,5398,2683,11220,  , ,  
03-04,19,Dakota                                       ,0192,01,FARMINGTON                         ,000, ,11,11 ,All Grades,6,6,72,65,60,54,43,37,2647,2461,2828,2623,343,5451,  , ,  
03-04,19,Dakota                                       ,0194,01,LAKEVILLE                          ,000, ,11,11 ,All Grades,16,11,91,103,77,88,85,103,5090,4848,5359,5153,574,10512,  , ,  
03-04,19,Dakota                                       ,0195,01,RANDOLPH                           ,000, ,11,11 ,All Grades,0,0,1,1,3,2,1,0,255,216,260,219,8,479,  , ,  
03-04,19,Dakota                                       ,0196,01,ROSEMOUNT-APPLE VALLEY-EAGAN       ,000, ,11,11 ,All Grades,85,73,832,784,439,410,882,778,12368,11910,14606,13955,4283,28561,  , ,  
03-04,19,Dakota                                       ,0197,01,WEST ST. PAUL-MENDOTA HTS.-EAGAN   ,000, ,11,11 ,All Grades,21,19,113,123,348,289,183,169,1799,1725,2464,2325,1265,4789,  , ,  
03-04,19,Dakota                                       ,0199,01,INVER GROVE HEIGHTS SCHOOLS        ,000, ,11,11 ,All Grades,12,19,76,52,125,134,79,106,1694,1581,1986,1892,603,3878,  , ,  
03-04,19,Dakota                                       ,0200,01,HASTINGS                           ,000, ,11,11 ,All Grades,33,36,33,34,50,62,43,42,2525,2288,2684,2462,333,5146,  , ,  
03-04,19,Dakota                                       ,0917,06,INTERMEDIATE SCHOOL DISTRICT 917   ,000, ,11,11 ,All Grades,1,1,6,2,8,9,39,13,341,171,395,196,79,591,  , ,  
03-04,19,Dakota                                       ,4090,07,PRAIRIE CREEK COMMUNITY SCHOOL     ,000, ,10,10 ,All Grades,0,0,4,3,0,0,1,1,51,48,56,52,9,108,  , ,  
03-04,19,Dakota                                       ,4099,07,TAREK IBN ZIYAD ACADEMY            ,000, ,11,11 ,All Grades,0,0,1,2,1,0,62,91,9,11,73,104,157,177,  , ,  
03-04,20,Dodge                                        ,0203,01,HAYFIELD                           ,000, ,10,10 ,All Grades,1,6,5,7,20,11,3,2,452,413,481,439,55,920,  , ,  
03-04,20,Dodge                                        ,0204,01,KASSON-MANTORVILLE                 ,000, ,10,10 ,All Grades,4,3,5,12,26,15,6,3,931,890,972,923,74,1895,  , ,  
03-04,20,Dodge                                        ,2125,01,TRITON                             ,000, ,10,10 ,All Grades,0,0,0,2,56,60,0,1,504,485,560,548,119,1108,  , ,  
03-04,21,Douglas                                      ,0206,01,ALEXANDRIA                         ,000, ,04,04 ,All Grades,1,8,14,17,23,9,23,20,2084,1954,2145,2008,115,4153,  , ,  
03-04,21,Douglas                                      ,0207,01,BRANDON                            ,000, ,04,04 ,All Grades,0,0,0,1,0,0,2,0,156,151,158,152,3,310,  , ,  
03-04,21,Douglas                                      ,0208,01,EVANSVILLE                         ,000, ,04,04 ,All Grades,0,0,0,0,0,0,0,0,108,114,108,114,0,222,  , ,  
03-04,21,Douglas                                      ,0213,01,OSAKIS                             ,000, ,04,04 ,All Grades,0,0,2,4,1,0,0,1,320,338,323,343,8,666,  , ,  
03-04,21,Douglas                                      ,4045,07,LAKES AREA CHARTER SCHOOL          ,000, ,04,04 ,All Grades,0,0,0,0,1,0,0,0,43,23,44,23,1,67,  , ,  
03-04,21,Douglas                                      ,6014,61,RUNESTONE AREA ED. DISTRICT        ,000, ,04,04 ,All Grades,0,3,0,0,0,1,2,2,67,55,69,61,8,130,  , ,  
03-04,22,Faribault                                    ,2134,01,UNITED SOUTH CENTRAL               ,000, ,09,09 ,All Grades,1,3,8,4,33,40,4,4,462,433,508,484,97,992,  , ,  
03-04,22,Faribault                                    ,2860,01,BLUE EARTH AREA PUBLIC SCHOOL      ,000, ,09,09 ,All Grades,1,0,3,3,56,49,5,8,678,585,743,645,125,1388,  , ,  
03-04,23,Fillmore                                     ,0229,01,LANESBORO                          ,000, ,10,10 ,All Grades,0,0,0,0,0,3,0,2,190,155,190,160,5,350,  , ,  
03-04,23,Fillmore                                     ,0238,01,MABEL-CANTON                       ,000, ,10,10 ,All Grades,0,0,0,0,0,0,0,0,164,201,164,201,0,365,  , ,  
03-04,23,Fillmore                                     ,0239,01,RUSHFORD-PETERSON                  ,000, ,10,10 ,All Grades,1,0,1,3,0,1,1,0,349,336,352,340,7,692,  , ,  
03-04,23,Fillmore                                     ,2137,01,KINGSLAND                          ,000, ,10,10 ,All Grades,2,3,1,6,2,2,2,2,421,440,428,453,20,881,  , ,  
03-04,23,Fillmore                                     ,2198,01,FILLMORE CENTRAL                   ,000, ,10,10 ,All Grades,0,0,0,1,8,4,1,1,345,325,354,331,15,685,  , ,  
03-04,24,Freeborn                                     ,0241,01,ALBERT LEA                         ,000, ,10,10 ,All Grades,4,4,26,17,222,227,17,19,1566,1542,1835,1809,536,3644,  , ,  
03-04,24,Freeborn                                     ,0242,01,ALDEN                              ,000, ,10,10 ,All Grades,0,0,3,2,8,6,1,4,209,200,221,212,24,433,  , ,  
03-04,24,Freeborn                                     ,2886,01,GLENVILLE-EMMONS                   ,000, ,10,10 ,All Grades,1,4,4,7,4,4,1,0,181,170,191,185,25,376,  , ,  
03-04,25,Goodhue                                      ,0252,01,CANNON FALLS                       ,000, ,10,10 ,All Grades,2,5,10,11,2,5,6,5,707,668,727,694,46,1421,  , ,  
03-04,25,Goodhue                                      ,0253,01,GOODHUE                            ,000, ,10,10 ,All Grades,1,0,2,3,6,10,0,1,287,290,296,304,23,600,  , ,  
03-04,25,Goodhue                                      ,0255,01,PINE ISLAND                        ,000, ,10,10 ,All Grades,3,3,2,7,13,14,8,11,594,592,620,627,61,1247,  , ,  
03-04,25,Goodhue                                      ,0256,01,RED WING                           ,000, ,10,10 ,All Grades,55,50,20,33,41,40,47,48,1347,1330,1510,1501,334,3011,  , ,  
03-04,25,Goodhue                                      ,0256,60,CORRECTIONAL FACILITY-RED WING     ,000, ,10,10 ,All Grades,6,0,0,0,2,0,11,0,31,0,50,0,19,50,  , ,  
03-04,25,Goodhue                                      ,2172,01,KENYON-WANAMINGO                   ,000, ,10,10 ,All Grades,0,0,4,2,13,11,0,3,484,419,501,435,33,936,  , ,  
03-04,25,Goodhue                                      ,6051,61,GOODHUE COUNTY ED. DISTRICT        ,000, ,10,10 ,All Grades,0,0,0,0,0,2,0,0,33,10,33,12,2,45,  , ,  
03-04,26,Grant                                        ,0261,01,ASHBY                              ,000, ,04,04 ,All Grades,2,0,0,0,1,2,0,2,152,133,155,137,7,292,  , ,  
03-04,26,Grant                                        ,0264,01,HERMAN-NORCROSS                    ,000, ,04,04 ,All Grades,2,2,1,0,2,0,0,0,62,57,67,59,7,126,  , ,  
03-04,26,Grant                                        ,2342,01,WEST CENTRAL AREA                  ,000, ,04,04 ,All Grades,4,2,1,3,6,7,4,3,399,418,414,433,30,847,  , ,  
03-04,27,Hennepin                                     ,0001,03,MINNEAPOLIS                        ,000, ,11,11 ,All Grades,914,897,2885,2795,3133,2719,9235,9046,6153,5620,22320,21077,31624,43397,  , ,  
03-04,27,Hennepin                                     ,0270,01,HOPKINS                            ,000, ,11,11 ,All Grades,21,29,168,132,201,177,526,437,3438,3191,4354,3966,1691,8320,  , ,  
03-04,27,Hennepin                                     ,0271,01,BLOOMINGTON                        ,000, ,11,11 ,All Grades,52,52,477,456,413,330,651,580,3934,3708,5527,5126,3011,10653,  , ,  
03-04,27,Hennepin                                     ,0272,01,EDEN PRAIRIE                       ,000, ,11,11 ,All Grades,59,43,326,315,74,56,287,278,4605,4283,5351,4975,1438,10326,  , ,  
03-04,27,Hennepin                                     ,0273,01,EDINA                              ,000, ,11,11 ,All Grades,9,9,172,177,53,71,125,139,3327,3231,3686,3627,755,7313,  , ,  
03-04,27,Hennepin                                     ,0276,01,MINNETONKA                         ,000, ,11,11 ,All Grades,14,22,129,145,72,65,80,65,3594,3460,3889,3757,592,7646,  , ,  
03-04,27,Hennepin                                     ,0277,01,WESTONKA                           ,000, ,11,11 ,All Grades,10,3,18,8,12,7,17,14,1186,995,1243,1027,89,2270,  , ,  
03-04,27,Hennepin                                     ,0278,01,ORONO                              ,000, ,11,11 ,All Grades,5,4,26,26,22,23,11,9,1208,1198,1272,1260,126,2532,  , ,  
03-04,27,Hennepin                                     ,0279,01,OSSEO                              ,000, ,11,11 ,All Grades,85,88,1365,1205,382,353,1895,1775,7434,7116,11161,10537,7148,21698,  , ,  
03-04,27,Hennepin                                     ,0280,01,RICHFIELD                          ,000, ,11,11 ,All Grades,33,25,182,186,367,304,403,373,1181,1051,2166,1939,1873,4105,  , ,  
03-04,27,Hennepin                                     ,0281,01,ROBBINSDALE                        ,000, ,11,11 ,All Grades,91,99,488,492,451,455,1264,1215,4730,4477,7024,6738,4555,13762,  , ,  
03-04,27,Hennepin                                     ,0282,01,ST. ANTHONY-NEW BRIGHTON           ,000, ,11,11 ,All Grades,10,9,68,63,32,18,43,38,697,667,850,795,281,1645,  , ,  
03-04,27,Hennepin                                     ,0283,01,ST. LOUIS PARK                     ,000, ,11,11 ,All Grades,25,24,115,107,128,116,354,321,1636,1522,2258,2090,1190,4348,  , ,  
03-04,27,Hennepin                                     ,0284,01,WAYZATA                            ,000, ,11,11 ,All Grades,23,12,288,297,98,68,222,243,4303,4164,4934,4784,1251,9718,  , ,  
03-04,27,Hennepin                                     ,0286,01,BROOKLYN CENTER                    ,000, ,11,11 ,All Grades,11,13,169,153,78,47,314,287,349,311,921,811,1072,1732,  , ,  
03-04,27,Hennepin                                     ,0287,06,INTERMEDIATE SCHOOL DISTRICT 287   ,000, ,11,11 ,All Grades,24,7,72,59,34,35,207,182,833,573,1170,856,620,2026,  , ,  
03-04,27,Hennepin                                     ,1000,70,PERPICH CENTER FOR ARTS EDUCATION  ,000, ,11,11 ,All Grades,1,2,2,3,5,6,8,10,82,155,98,176,37,274,  , ,  
03-04,27,Hennepin                                     ,4004,07,CEDAR RIVERSIDE COMMUNITY SCHOOL   ,000, ,11,11 ,All Grades,0,0,15,8,3,3,34,37,0,2,52,50,100,102,  , ,  
03-04,27,Hennepin                                     ,4011,07,NEW VISIONS CHARTER SCHOOL         ,000, ,11,11 ,All Grades,9,3,3,2,4,4,48,40,42,15,106,64,113,170,  , ,  
03-04,27,Hennepin                                     ,4017,07,MINNESOTA TRANSITIONS CHARTER SCH  ,000, ,11,11 ,All Grades,17,26,53,44,28,32,226,235,112,97,436,434,661,870,  , ,  
03-04,27,Hennepin                                     ,4030,07,ODYSSEY CHARTER SCHOOL             ,000, ,11,11 ,All Grades,0,0,15,5,2,3,39,24,68,51,124,83,88,207,  , ,  
03-04,27,Hennepin                                     ,4032,07,HARVEST PREP SCHOOL/SEED ACADEMY   ,000, ,11,11 ,All Grades,0,0,0,0,0,0,152,197,0,0,152,197,349,349,  , ,  
03-04,27,Hennepin                                     ,4038,07,SOJOURNER TRUTH ACADEMY            ,000, ,11,11 ,All Grades,0,0,0,3,27,22,91,94,2,2,120,121,237,241,  , ,  
03-04,27,Hennepin                                     ,4044,07,HEART OF THE EARTH CHARTER         ,000, ,11,11 ,All Grades,91,97,0,0,0,2,1,2,4,5,96,106,193,202,  , ,  
03-04,27,Hennepin                                     ,4052,07,FOUR DIRECTIONS CHARTER SCHOOLS    ,000, ,11,11 ,All Grades,32,41,1,4,1,0,0,0,1,4,35,49,79,84,  , ,  
03-04,27,Hennepin                                     ,4057,07,EL COLEGIO CHARTER SCHOOL          ,000, ,11,11 ,All Grades,1,6,0,0,18,24,13,12,4,6,36,48,74,84,  , ,  
03-04,27,Hennepin                                     ,4067,07,AURORA CHARTER SCHOOL              ,000, ,11,11 ,All Grades,0,0,0,1,70,73,0,0,3,0,73,74,144,147,  , ,  
03-04,27,Hennepin                                     ,4068,07,EXCELL ACADEMY CHARTER             ,000, ,11,11 ,All Grades,1,0,0,0,0,1,65,106,5,6,71,113,173,184,  , ,  
03-04,27,Hennepin                                     ,4076,07,MINNESOTA ACADEMY OF TECHNOLOGY    ,000, ,11,11 ,All Grades,0,0,0,1,6,2,12,10,19,13,37,26,31,63,  , ,  
03-04,27,Hennepin                                     ,4077,07,TWIN CITIES INTERNATIONAL ELEM SCH.,000, ,11,11 ,All Grades,0,0,0,0,0,0,139,117,0,0,139,117,256,256,  , ,  
03-04,27,Hennepin                                     ,4079,07,FRIENDSHIP ACDMY OF FINE ARTS CHTR.,000, ,11,11 ,All Grades,0,0,2,0,0,1,25,34,0,4,27,39,62,66,  , ,  
03-04,27,Hennepin                                     ,4082,07,BLUESKY CHARTER SCHOOL             ,000, ,11,11 ,All Grades,2,0,0,2,1,1,0,2,7,4,10,9,8,19,  , ,  
03-04,27,Hennepin                                     ,4086,07,WOODSON INSTITUTE FOR EXCELLENCE CH,000, ,11,11 ,All Grades,0,0,0,0,0,0,98,82,0,0,98,82,180,180,  , ,  
03-04,27,Hennepin                                     ,4087,07,SAGE ACADEMY CHARTER SCHOOL        ,000, ,11,11 ,All Grades,1,1,0,0,1,0,5,4,28,19,35,24,12,59,  , ,  
03-04,27,Hennepin                                     ,4089,07,NEW CITY SCHOOL                    ,000, ,11,11 ,All Grades,2,1,2,3,2,3,10,14,10,12,26,33,37,59,  , ,  
03-04,27,Hennepin                                     ,4092,07,WATERSHED HIGH SCHOOL              ,000, ,11,11 ,All Grades,1,0,2,1,4,2,3,5,38,45,48,53,18,101,  , ,  
03-04,27,Hennepin                                     ,4096,07,CHIRON CHARTER SCHOOL              ,000, ,11,11 ,All Grades,0,0,3,6,0,3,29,46,5,10,37,65,87,102,  , ,  
03-04,27,Hennepin                                     ,4097,07,"PARTNERSHIP ACADEMY, INC.          ",000, ,11,11 ,All Grades,1,0,0,0,35,43,30,30,5,2,71,75,139,146,  , ,  
03-04,27,Hennepin                                     ,4102,07,MINNESOTA INTERNSHIP CENTER        ,000, ,11,11 ,All Grades,2,1,2,1,46,12,113,91,3,3,166,108,268,274,  , ,  
03-04,27,Hennepin                                     ,6065,62,METROPOLITAN LEARNING ALLIANCE     ,000, ,11,11 ,All Grades,0,0,4,0,2,2,18,14,29,21,53,37,40,90,  , ,  
03-04,27,Hennepin                                     ,6069,62,WEST METRO EDUCATION PROGRAM       ,000, ,11,11 ,All Grades,10,9,14,16,11,10,171,243,228,303,434,581,484,1015,  , ,  
03-04,28,Houston                                      ,0294,01,HOUSTON                            ,000, ,10,10 ,All Grades,3,1,1,2,4,5,1,2,378,357,387,367,19,754,  , ,  
03-04,28,Houston                                      ,0297,01,SPRING GROVE                       ,000, ,10,10 ,All Grades,0,2,0,0,0,0,0,0,176,192,176,194,2,370,  , ,  
03-04,28,Houston                                      ,0299,01,CALEDONIA                          ,000, ,10,10 ,All Grades,0,2,1,2,1,0,8,6,470,446,480,456,20,936,  , ,  
03-04,28,Houston                                      ,0300,01,LACRESCENT-HOKAH                   ,000, ,10,10 ,All Grades,1,3,8,13,3,6,18,19,767,771,797,812,71,1609,  , ,  
03-04,28,Houston                                      ,4054,07,LACRESCENT MONTESSORI ACADEMY      ,000, ,10,10 ,All Grades,0,0,0,0,0,0,0,0,30,29,30,29,0,59,  , ,  
03-04,29,Hubbard                                      ,0306,01,LAPORTE                            ,000, ,01,02 ,All Grades,34,23,1,1,2,5,0,0,127,115,164,144,66,308,  , ,  
03-04,29,Hubbard                                      ,0308,01,NEVIS                              ,000, ,01,02 ,All Grades,3,6,0,3,14,7,3,4,273,240,293,260,40,553,  , ,  
03-04,29,Hubbard                                      ,0309,01,PARK RAPIDS                        ,000, ,01,02 ,All Grades,56,62,4,6,14,12,9,2,852,738,935,820,165,1755,  , ,  
03-04,29,Hubbard                                      ,4107,07,VOYAGEURS EXPEDITIONARY            ,000, ,07,02 ,All Grades,4,1,0,0,0,0,0,1,11,15,15,17,6,32,  , ,  
03-04,30,Isanti                                       ,0314,01,BRAHAM                             ,000, ,07,07E,All Grades,2,5,2,1,4,3,4,0,512,424,524,433,21,957,  , ,  
03-04,30,Isanti                                       ,0911,01,CAMBRIDGE-ISANTI                   ,000, ,07,07E,All Grades,36,36,36,31,26,38,29,23,2412,2246,2539,2374,255,4913,  , ,  
03-04,30,Isanti                                       ,0957,51,OAK LAND VOC. CNTR.                ,000, ,07,07E,All Grades,1,1,0,0,2,0,0,1,130,167,133,169,5,302,  , ,  
03-04,31,Itasca                                       ,0316,01,GREENWAY                           ,000, ,03,03 ,All Grades,81,75,1,2,1,1,1,0,571,545,655,623,162,1278,  , ,  
03-04,31,Itasca                                       ,0317,01,DEER RIVER                         ,000, ,03,03 ,All Grades,163,159,0,3,0,1,4,5,364,327,531,495,335,1026,  , ,  
03-04,31,Itasca                                       ,0318,01,GRAND RAPIDS                       ,000, ,03,03 ,All Grades,120,93,13,13,17,6,19,15,1933,1805,2102,1932,296,4034,  , ,  
03-04,31,Itasca                                       ,0319,01,NASHWAUK-KEEWATIN                  ,000, ,03,03 ,All Grades,20,18,0,0,1,2,6,4,351,269,378,293,51,671,  , ,  
03-04,32,Jackson                                      ,0330,01,HERON LAKE-OKABENA                 ,000, ,06,08 ,All Grades,2,1,1,2,35,14,0,0,130,146,168,163,55,331,  , ,  
03-04,32,Jackson                                      ,2895,01,JACKSON COUNTY CENTRAL             ,000, ,06,08 ,All Grades,1,0,26,30,7,10,3,5,610,557,647,602,82,1249,  , ,  
03-04,33,Kanabec                                      ,0332,01,MORA                               ,000, ,07,07E,All Grades,21,18,10,12,16,15,9,4,935,887,991,936,105,1927,  , ,  
03-04,33,Kanabec                                      ,0333,01,OGILVIE                            ,000, ,07,07E,All Grades,1,2,2,1,0,0,1,3,344,337,348,343,10,691,  , ,  
03-04,34,Kandiyohi                                    ,0345,01,NEW LONDON-SPICER                  ,000, ,06,06E,All Grades,1,2,3,1,6,1,3,3,888,818,901,825,20,1726,  , ,  
03-04,34,Kandiyohi                                    ,0347,01,WILLMAR                            ,000, ,06,06E,All Grades,13,11,14,14,561,539,55,40,1561,1477,2204,2081,1247,4285,  , ,  
03-04,35,Kittson                                      ,0356,01,LANCASTER                          ,000, ,01,01 ,All Grades,0,0,4,0,0,0,3,0,115,91,122,91,7,213,  , ,  
03-04,35,Kittson                                      ,2171,01,KITTSON CENTRAL                    ,000, ,01,01 ,All Grades,0,1,0,4,13,12,1,0,176,204,190,221,31,411,  , ,  
03-04,35,Kittson                                      ,2358,01,TRI-COUNTY                         ,000, ,01,01 ,All Grades,0,0,0,0,2,0,0,4,144,136,146,140,6,286,  , ,  
03-04,36,Koochiching                                  ,0361,01,INTERNATIONAL FALLS                ,000, ,03,03 ,All Grades,103,92,2,0,3,3,3,8,632,577,743,680,214,1423,  , ,  
03-04,36,Koochiching                                  ,0362,01,LITTLEFORK-BIG FALLS               ,000, ,03,03 ,All Grades,0,3,1,0,2,1,2,0,190,163,195,167,9,362,  , ,  
03-04,36,Koochiching                                  ,0363,01,SOUTH KOOCHICHING                  ,000, ,01,03 ,All Grades,5,6,1,0,0,1,0,1,204,163,210,171,14,381,  , ,  
03-04,37,Lac qui Parle                                ,0371,01,BELLINGHAM                         ,000, ,06,06W,All Grades,0,0,0,0,0,0,0,0,37,30,37,30,0,67,  , ,  
03-04,37,Lac qui Parle                                ,0378,01,DAWSON-BOYD                        ,000, ,06,06W,All Grades,2,0,2,3,6,2,3,2,284,284,297,291,20,588,  , ,  
03-04,37,Lac qui Parle                                ,2853,01,LAC QUI PARLE VALLEY               ,000, ,06,06W,All Grades,3,4,9,16,13,16,7,11,550,493,582,540,79,1122,  , ,  
03-04,38,Lake                                         ,0381,01,LAKE SUPERIOR                      ,000, ,03,03 ,All Grades,6,8,3,4,2,1,2,9,822,768,835,790,35,1625,  , ,  
03-04,39,Lake of the Woods                            ,0390,01,LAKE OF THE WOODS                  ,000, ,01,02 ,All Grades,3,6,1,3,5,1,2,6,339,335,350,351,27,701,  , ,  
03-04,40,Le Sueur                                     ,0391,01,CLEVELAND PUBLIC SCHOOL            ,000, ,09,09 ,All Grades,1,0,1,0,6,1,0,0,215,195,223,196,9,419,  , ,  
03-04,40,Le Sueur                                     ,0392,01,LECENTER                           ,000, ,09,09 ,All Grades,0,0,7,3,54,44,2,0,282,308,345,355,110,700,  , ,  
03-04,40,Le Sueur                                     ,0394,01,MONTGOMERY-LONSDALE                ,000, ,09,09 ,All Grades,1,1,0,2,54,42,1,3,478,499,534,547,104,1081,  , ,  
03-04,40,Le Sueur                                     ,2143,01,WATERVILLE-ELYSIAN-MORRISTOWN      ,000, ,09,09 ,All Grades,2,2,2,3,15,23,1,1,491,480,511,509,49,1020,  , ,  
03-04,40,Le Sueur                                     ,2397,01,LESUEUR-HENDERSON                  ,000, ,09,09 ,All Grades,1,2,3,2,71,68,7,4,570,583,652,659,158,1311,  , ,  
03-04,41,Lincoln                                      ,0402,01,HENDRICKS                          ,000, ,06,08 ,All Grades,0,0,0,3,0,0,0,0,100,98,100,101,3,201,  , ,  
03-04,41,Lincoln                                      ,0403,01,IVANHOE                            ,000, ,06,08 ,All Grades,0,0,0,0,0,1,1,0,108,91,109,92,2,201,  , ,  
03-04,41,Lincoln                                      ,0404,01,LAKE BENTON                        ,000, ,06,08 ,All Grades,0,0,0,0,0,0,2,4,103,96,105,100,6,205,  , ,  
03-04,41,Lincoln                                      ,0409,01,TYLER                              ,000, ,06,08 ,All Grades,1,1,0,0,4,3,1,1,108,91,114,96,11,210,  , ,  
03-04,42,Lyon                                         ,0411,01,BALATON                            ,000, ,06,08 ,All Grades,0,0,0,0,1,0,0,0,35,37,36,37,1,73,  , ,  
03-04,42,Lyon                                         ,0413,01,MARSHALL                           ,000, ,06,08 ,All Grades,1,6,30,36,88,99,53,33,930,959,1102,1133,346,2235,  , ,  
03-04,42,Lyon                                         ,0414,01,MINNEOTA                           ,000, ,06,08 ,All Grades,0,0,1,1,10,12,1,1,224,216,236,230,26,466,  , ,  
03-04,42,Lyon                                         ,0415,01,LYND                               ,000, ,06,08 ,All Grades,1,0,0,0,11,14,0,0,37,37,49,51,26,100,  , ,  
03-04,42,Lyon                                         ,0417,01,TRACY                              ,000, ,06,08 ,All Grades,1,0,79,56,15,16,1,5,328,294,424,371,173,795,  , ,  
03-04,42,Lyon                                         ,0418,01,RUSSELL                            ,000, ,06,08 ,All Grades,0,1,0,0,1,2,1,1,56,63,58,67,6,125,  , ,  
03-04,42,Lyon                                         ,0991,83,REGN 6 & 8-S.W/W.C. SRV COOPERATIVE,000, ,06,08 ,All Grades,0,1,6,0,4,0,0,0,43,14,53,15,11,68,  , ,  
03-04,42,Lyon                                         ,2167,01,LAKEVIEW                           ,000, ,06,08 ,All Grades,0,0,6,3,9,8,1,2,290,245,306,258,29,564,  , ,  
03-04,42,Lyon                                         ,4072,07,YANKTON COUNTRY CHARTER SCHOOL     ,000, ,06,08 ,All Grades,0,0,0,0,1,0,1,0,15,13,17,13,2,30,  , ,  
03-04,43,McLeod                                       ,0423,01,HUTCHINSON                         ,000, ,06,06E,All Grades,6,5,13,17,66,57,19,13,1486,1390,1590,1482,196,3072,  , ,  
03-04,43,McLeod                                       ,0424,01,LESTER PRAIRIE                     ,000, ,06,06E,All Grades,0,0,0,0,18,10,0,0,228,228,246,238,28,484,  , ,  
03-04,43,McLeod                                       ,0937,52,CROW RIVER SP. ED. COOP.           ,000, ,06,06E,All Grades,0,0,2,0,6,1,0,1,38,15,46,17,10,63,  , ,  
03-04,43,McLeod                                       ,2859,01,GLENCOE-SILVER LAKE                ,000, ,06,06E,All Grades,1,2,3,3,125,144,0,1,781,711,910,861,279,1771,  , ,  
03-04,43,McLeod                                       ,2887,01,MCLEOD WEST SCHOOLS                ,000, ,06,06E,All Grades,0,0,2,4,7,7,0,2,223,230,232,243,22,475,  , ,  
03-04,43,McLeod                                       ,4093,07,NEW CENTURY CHARTER SCHOOL         ,000, ,06,06E,All Grades,0,0,0,1,3,4,0,1,69,48,72,54,9,126,  , ,  
03-04,44,Mahnomen                                     ,0432,01,MAHNOMEN                           ,000, ,01,02 ,All Grades,248,208,1,1,3,3,0,1,149,114,401,327,465,728,  , ,  
03-04,44,Mahnomen                                     ,0435,01,WAUBUN                             ,000, ,01,02 ,All Grades,197,210,0,0,1,0,0,0,115,90,313,300,408,613,  , ,  
03-04,45,Marshall                                     ,0441,01,MARSHALL COUNTY CENTRAL SCHOOLS    ,000, ,01,01 ,All Grades,2,2,0,0,2,0,2,2,201,157,207,161,10,368,  , ,  
03-04,45,Marshall                                     ,0447,01,GRYGLA                             ,000, ,01,01 ,All Grades,1,3,1,1,0,0,0,0,112,99,114,103,6,217,  , ,  
03-04,45,Marshall                                     ,2176,01,WARREN-ALVARADO-OSLO               ,000, ,01,01 ,All Grades,4,1,0,0,35,27,0,0,254,232,293,260,67,553,  , ,  
03-04,45,Marshall                                     ,2856,01,STEPHEN-ARGYLE CENTRAL SCHOOLS     ,000, ,01,01 ,All Grades,2,1,0,2,18,14,0,0,186,171,206,188,37,394,  , ,  
03-04,46,Martin                                       ,0458,01,TRUMAN                             ,000, ,09,09 ,All Grades,0,0,0,0,9,2,5,4,194,164,208,170,20,378,  , ,  
03-04,46,Martin                                       ,0915,52,SOUTHERN PLAINS ED. COOP.          ,000, ,09,09 ,All Grades,0,0,0,0,5,5,1,1,71,59,77,65,12,142,  , ,  
03-04,46,Martin                                       ,2448,01,MARTIN COUNTY WEST                 ,000, ,09,09 ,All Grades,0,0,1,4,2,5,5,2,457,426,465,437,19,902,  , ,  
03-04,46,Martin                                       ,2536,01,GRANADA HUNTLEY-EAST CHAIN         ,000, ,09,09 ,All Grades,0,1,1,1,5,1,0,1,152,140,158,144,10,302,  , ,  
03-04,46,Martin                                       ,2752,01,FAIRMONT AREA SCHOOLS              ,000, ,09,09 ,All Grades,1,2,4,11,49,53,10,7,869,787,933,860,137,1793,  , ,  
03-04,47,Meeker                                       ,0463,01,EDEN VALLEY-WATKINS                ,000, ,06,06E,All Grades,0,0,1,1,3,1,2,6,415,409,421,417,14,838,  , ,  
03-04,47,Meeker                                       ,0465,01,LITCHFIELD                         ,000, ,06,06E,All Grades,2,3,7,7,61,62,6,10,929,863,1005,945,158,1950,  , ,  
03-04,47,Meeker                                       ,0466,01,DASSEL-COKATO                      ,000, ,06,07W,All Grades,6,2,7,11,28,19,5,3,1120,1069,1166,1104,81,2270,  , ,  
03-04,47,Meeker                                       ,2396,01,A.C.G.C.                           ,000, ,06,06E,All Grades,0,0,3,2,15,11,1,0,456,428,475,441,32,916,  , ,  
03-04,48,Mille Lacs                                   ,0473,01,ISLE                               ,000, ,07,07E,All Grades,15,25,0,1,2,0,2,1,252,286,271,313,46,584,  , ,  
03-04,48,Mille Lacs                                   ,0477,01,PRINCETON                          ,000, ,07,07E,All Grades,12,20,11,13,12,18,15,17,1735,1586,1785,1654,118,3439,  , ,  
03-04,48,Mille Lacs                                   ,0480,01,ONAMIA                             ,000, ,07,07E,All Grades,79,88,3,5,4,0,10,5,332,322,428,420,194,848,  , ,  
03-04,48,Mille Lacs                                   ,0912,01,MILACA                             ,000, ,07,07E,All Grades,23,21,12,7,11,6,5,3,981,859,1032,896,88,1928,  , ,  
03-04,49,Morrison                                     ,0482,01,LITTLE FALLS                       ,000, ,05,05 ,All Grades,8,8,13,13,17,10,17,14,1443,1430,1498,1475,100,2973,  , ,  
03-04,49,Morrison                                     ,0484,01,PIERZ                              ,000, ,05,05 ,All Grades,1,3,4,2,4,1,1,0,506,470,516,476,16,992,  , ,  
03-04,49,Morrison                                     ,0485,01,ROYALTON                           ,000, ,05,05 ,All Grades,0,5,5,2,2,7,3,4,378,338,388,356,28,744,  , ,  
03-04,49,Morrison                                     ,0486,01,SWANVILLE                          ,000, ,05,05 ,All Grades,0,0,1,0,0,0,0,0,198,164,199,164,1,363,  , ,  
03-04,49,Morrison                                     ,0487,01,UPSALA                             ,000, ,05,05 ,All Grades,0,0,1,0,0,1,0,0,194,201,195,202,2,397,  , ,  
03-04,50,Mower                                        ,0492,01,AUSTIN                             ,000, ,10,10 ,All Grades,6,10,77,47,254,232,77,65,1696,1622,2110,1976,768,4086,  , ,  
03-04,50,Mower                                        ,0495,01,GRAND MEADOW                       ,000, ,10,10 ,All Grades,0,0,2,2,2,1,3,1,179,156,186,160,11,346,  , ,  
03-04,50,Mower                                        ,0497,01,LYLE                               ,000, ,10,10 ,All Grades,0,0,0,2,2,0,0,0,129,140,131,142,4,273,  , ,  
03-04,50,Mower                                        ,0499,01,LEROY                              ,000, ,10,10 ,All Grades,0,0,1,0,2,0,0,0,191,179,194,179,3,373,  , ,  
03-04,50,Mower                                        ,0500,01,SOUTHLAND                          ,000, ,10,10 ,All Grades,1,2,1,3,4,1,2,0,357,350,365,356,14,721,  , ,  
03-04,51,Murray                                       ,0505,01,FULDA                              ,000, ,06,08 ,All Grades,1,3,3,3,19,12,0,0,267,234,290,252,41,542,  , ,  
03-04,51,Murray                                       ,2169,01,MURRAY COUNTY CENTRAL              ,000, ,06,08 ,All Grades,2,1,0,0,9,8,1,1,388,390,400,400,22,800,  , ,  
03-04,52,Nicollet                                     ,0507,01,NICOLLET                           ,000, ,09,09 ,All Grades,0,0,1,1,1,2,0,0,149,142,151,145,5,296,  , ,  
03-04,52,Nicollet                                     ,0508,01,ST. PETER                          ,000, ,09,09 ,All Grades,5,4,13,13,60,45,26,22,888,804,992,888,188,1880,  , ,  
03-04,52,Nicollet                                     ,4050,07,LAFAYETTE PUBLIC CHARTER SCHOOL    ,000, ,09,09 ,All Grades,0,0,0,0,0,1,0,5,42,42,42,48,6,90,  , ,  
03-04,52,Nicollet                                     ,6027,61,MINNESOTA VALLEY ED. DISTRICT      ,000, ,09,09 ,All Grades,0,0,0,0,3,2,0,1,40,33,43,36,6,79,  , ,  
03-04,53,Nobles                                       ,0511,01,ADRIAN                             ,000, ,06,08 ,All Grades,0,1,5,5,5,4,0,0,340,301,350,311,20,661,  , ,  
03-04,53,Nobles                                       ,0513,01,BREWSTER                           ,000, ,06,08 ,All Grades,1,1,2,2,2,5,1,2,65,60,71,70,16,141,  , ,  
03-04,53,Nobles                                       ,0514,01,ELLSWORTH                          ,000, ,06,08 ,All Grades,1,0,0,0,1,1,4,3,105,84,111,88,10,199,  , ,  
03-04,53,Nobles                                       ,0516,01,ROUND LAKE                         ,000, ,06,08 ,All Grades,0,0,0,1,1,1,0,2,76,93,77,97,5,174,  , ,  
03-04,53,Nobles                                       ,0518,01,WORTHINGTON                        ,000, ,06,08 ,All Grades,6,1,112,127,343,304,27,21,682,673,1170,1126,941,2296,  , ,  
03-04,54,Norman                                       ,2215,01,NORMAN COUNTY EAST                 ,000, ,01,01 ,All Grades,24,14,1,2,8,8,3,2,180,161,216,187,62,403,  , ,  
03-04,54,Norman                                       ,2527,01,NORMAN COUNTY WEST                 ,000, ,01,01 ,All Grades,5,4,1,0,19,17,0,0,164,160,189,181,46,370,  , ,  
03-04,54,Norman                                       ,2854,01,ADA-BORUP                          ,000, ,01,01 ,All Grades,8,6,4,6,22,23,5,2,219,237,258,274,76,532,  , ,  
03-04,55,Olmsted                                      ,0227,01,CHATFIELD                          ,000, ,10,10 ,All Grades,0,0,5,2,3,8,2,2,474,443,484,455,22,939,  , ,  
03-04,55,Olmsted                                      ,0531,01,BYRON                              ,000, ,10,10 ,All Grades,1,1,8,6,9,5,7,1,777,736,802,749,38,1551,  , ,  
03-04,55,Olmsted                                      ,0533,01,DOVER-EYOTA                        ,000, ,10,10 ,All Grades,0,0,3,5,7,5,0,3,579,509,589,522,23,1111,  , ,  
03-04,55,Olmsted                                      ,0534,01,STEWARTVILLE                       ,000, ,10,10 ,All Grades,1,5,9,6,10,11,9,8,842,870,871,900,59,1771,  , ,  
03-04,55,Olmsted                                      ,0535,01,ROCHESTER                          ,000, ,10,10 ,All Grades,27,32,725,668,413,357,869,754,6490,6135,8524,7946,3845,16470,  , ,  
03-04,55,Olmsted                                      ,4056,07,ROCHESTER OFF-CAMPUS CHARTER HIGH  ,000, ,10,10 ,All Grades,3,0,2,4,4,3,1,5,46,46,56,58,22,114,  , ,  
03-04,55,Olmsted                                      ,4061,07,STUDIO ACADEMY CHARTER SCHOOL      ,000, ,10,10 ,All Grades,0,0,0,2,2,0,5,2,47,64,54,68,11,122,  , ,  
03-04,55,Olmsted                                      ,6012,61,ZUMBRO ED. DISTRICT                ,000, ,10,10 ,All Grades,1,0,1,0,1,3,1,1,46,19,50,23,8,73,  , ,  
03-04,55,Olmsted                                      ,6042,61,ROOT RIVER ED. DISTRICT            ,000, ,10,10 ,All Grades,0,0,0,0,0,0,0,0,8,5,8,5,0,13,  , ,  
03-04,56,Otter Tail                                   ,0542,01,BATTLE LAKE                        ,000, ,04,04 ,All Grades,5,3,1,3,4,2,4,3,259,244,273,255,25,528,  , ,  
03-04,56,Otter Tail                                   ,0544,01,FERGUS FALLS                       ,000, ,04,04 ,All Grades,17,18,11,18,16,13,31,22,1362,1293,1437,1364,146,2801,  , ,  
03-04,56,Otter Tail                                   ,0545,01,HENNING                            ,000, ,04,04 ,All Grades,4,5,2,6,0,0,1,1,169,163,176,175,19,351,  , ,  
03-04,56,Otter Tail                                   ,0547,01,PARKERS PRAIRIE                    ,000, ,04,04 ,All Grades,1,0,4,0,1,0,2,2,312,263,320,265,10,585,  , ,  
03-04,56,Otter Tail                                   ,0548,01,PELICAN RAPIDS                     ,000, ,04,04 ,All Grades,0,1,13,13,135,107,17,8,474,424,639,553,294,1192,  , ,  
03-04,56,Otter Tail                                   ,0549,01,PERHAM                             ,000, ,04,04 ,All Grades,7,10,2,7,15,27,12,8,836,715,872,767,88,1639,  , ,  
03-04,56,Otter Tail                                   ,0550,01,UNDERWOOD                          ,000, ,04,04 ,All Grades,1,2,7,3,1,2,0,0,250,209,259,216,16,475,  , ,  
03-04,56,Otter Tail                                   ,0553,01,NEW YORK MILLS                     ,000, ,04,04 ,All Grades,7,4,0,0,1,5,0,0,338,397,346,406,17,752,  , ,  
03-04,56,Otter Tail                                   ,0926,83,REGION 4-LAKES COUNTRY SERVICE COOP,000, ,04,04 ,All Grades,5,9,1,1,2,3,0,1,22,23,30,37,22,67,  , ,  
03-04,56,Otter Tail                                   ,0935,52,FERGUS FALLS AREA SP. ED. COOP.    ,000, ,04,04 ,All Grades,1,1,0,0,0,1,3,4,43,21,47,27,10,74,  , ,  
03-04,57,Pennington                                   ,0561,01,GOODRIDGE                          ,000, ,01,01 ,All Grades,4,1,2,1,0,0,0,0,75,84,81,86,8,167,  , ,  
03-04,57,Pennington                                   ,0564,01,THIEF RIVER FALLS                  ,000, ,01,01 ,All Grades,33,21,7,4,34,30,7,13,1034,912,1115,980,149,2095,  , ,  
03-04,58,Pine                                         ,0577,01,WILLOW RIVER                       ,000, ,07,07E,All Grades,0,1,1,1,0,2,1,2,233,224,235,230,8,465,  , ,  
03-04,58,Pine                                         ,0578,01,PINE CITY                          ,000, ,07,07E,All Grades,7,8,2,2,3,5,7,5,860,818,879,838,39,1717,  , ,  
03-04,58,Pine                                         ,2165,01,HINCKLEY-FINLAYSON                 ,000, ,07,07E,All Grades,48,44,8,4,11,14,11,13,500,453,578,528,153,1106,  , ,  
03-04,58,Pine                                         ,2580,01,EAST CENTRAL                       ,000, ,07,07E,All Grades,39,28,6,5,6,6,18,5,468,383,537,427,113,964,  , ,  
03-04,59,Pipestone                                    ,0581,01,EDGERTON                           ,000, ,06,08 ,All Grades,1,0,2,0,6,2,0,1,161,115,170,118,12,288,  , ,  
03-04,59,Pipestone                                    ,0584,01,RUTHTON                            ,000, ,06,08 ,All Grades,0,0,2,1,1,2,0,3,132,116,135,122,9,257,  , ,  
03-04,59,Pipestone                                    ,2689,01,PIPESTONE AREA SCHOOLS             ,000, ,06,08 ,All Grades,14,17,0,8,13,7,6,3,642,626,675,661,68,1336,  , ,  
03-04,60,Polk                                         ,0592,01,CLIMAX                             ,000, ,01,01 ,All Grades,2,1,0,0,11,11,1,0,52,70,66,82,26,148,  , ,  
03-04,60,Polk                                         ,0593,01,CROOKSTON                          ,000, ,01,01 ,All Grades,20,22,2,2,111,129,5,6,604,616,742,775,297,1517,  , ,  
03-04,60,Polk                                         ,0595,01,EAST GRAND FORKS                   ,000, ,01,01 ,All Grades,19,9,6,2,97,93,7,7,829,732,958,843,240,1801,  , ,  
03-04,60,Polk                                         ,0599,01,FERTILE-BELTRAMI                   ,000, ,01,01 ,All Grades,17,6,3,3,4,5,1,1,292,219,317,234,40,551,  , ,  
03-04,60,Polk                                         ,0600,01,FISHER                             ,000, ,01,01 ,All Grades,2,4,0,0,14,13,0,0,134,140,150,157,33,307,  , ,  
03-04,60,Polk                                         ,0601,01,FOSSTON                            ,000, ,01,01 ,All Grades,19,21,1,2,0,2,4,1,304,323,328,349,50,677,  , ,  
03-04,60,Polk                                         ,2609,01,WIN-E-MAC                          ,000, ,01,01 ,All Grades,4,4,0,1,3,0,0,1,272,272,279,278,13,557,  , ,  
03-04,61,Pope                                         ,0611,01,CYRUS                              ,000, ,04,04 ,All Grades,0,0,0,0,1,0,0,0,40,27,41,27,1,68,  , ,  
03-04,61,Pope                                         ,2149,01,MINNEWASKA                         ,000, ,04,04 ,All Grades,6,2,5,2,2,4,6,7,725,688,744,703,34,1447,  , ,  
03-04,62,Ramsey                                       ,0621,01,MOUNDS VIEW                        ,000, ,11,11 ,All Grades,54,52,395,370,153,139,274,273,4759,4295,5635,5129,1710,10764,  , ,  
03-04,62,Ramsey                                       ,0622,01,NORTH ST PAUL-MAPLEWOOD            ,000, ,11,11 ,All Grades,71,62,482,447,221,218,493,428,4552,4391,5819,5546,2422,11365,  , ,  
03-04,62,Ramsey                                       ,0623,01,ROSEVILLE                          ,000, ,11,11 ,All Grades,27,30,383,345,141,142,237,255,2458,2371,3246,3143,1560,6389,  , ,  
03-04,62,Ramsey                                       ,0624,01,WHITE BEAR LAKE                    ,000, ,11,11 ,All Grades,31,19,248,269,94,79,106,104,4167,3804,4646,4275,950,8921,  , ,  
03-04,62,Ramsey                                       ,0625,01,ST. PAUL                           ,000, ,11,11 ,All Grades,380,392,6351,5936,2622,2414,6063,5875,6461,6016,21877,20633,30033,42510,  , ,  
03-04,62,Ramsey                                       ,4000,07,CITY ACADEMY                       ,000, ,11,11 ,All Grades,5,7,26,13,5,1,18,15,9,12,63,48,90,111,  , ,  
03-04,62,Ramsey                                       ,4005,07,METRO DEAF CHARTER SCHOOL          ,000, ,11,11 ,All Grades,0,0,0,4,3,2,4,1,24,32,31,39,14,70,  , ,  
03-04,62,Ramsey                                       ,4006,07,SKILLS FOR TOMORROW CHARTER SCHOOL ,000, ,11,11 ,All Grades,1,2,1,4,2,7,20,26,20,13,44,52,63,96,  , ,  
03-04,62,Ramsey                                       ,4015,07,COMMUNITY OF PEACE ACADEMY         ,000, ,11,11 ,All Grades,1,1,198,155,14,23,40,50,30,28,283,257,482,540,  , ,  
03-04,62,Ramsey                                       ,4018,07,ACHIEVE LANGUAGE ACADEMY           ,000, ,11,11 ,All Grades,2,2,88,68,24,25,29,27,23,26,166,148,265,314,  , ,  
03-04,62,Ramsey                                       ,4019,07,ST. PAUL FAMILY LEARNING CENTER    ,000, ,11,11 ,All Grades,2,1,5,6,2,0,34,40,6,1,49,48,90,97,  , ,  
03-04,62,Ramsey                                       ,4025,07,CYBER VILLAGE ACADEMY              ,000, ,11,11 ,All Grades,0,2,0,3,2,3,7,4,69,65,78,77,21,155,  , ,  
03-04,62,Ramsey                                       ,4027,07,HIGHER GROUND ACADEMY              ,000, ,11,11 ,All Grades,0,0,0,1,0,0,181,210,2,3,183,214,392,397,  , ,  
03-04,62,Ramsey                                       ,4029,07,NEW SPIRIT SCHOOL                  ,000, ,11,11 ,All Grades,0,1,94,97,6,18,34,32,20,10,154,158,282,312,  , ,  
03-04,62,Ramsey                                       ,4031,07,JENNINGS EXPERIENTIAL HIGH SCHOOL  ,000, ,11,11 ,All Grades,3,1,3,3,5,1,9,7,23,7,43,19,32,62,  , ,  
03-04,62,Ramsey                                       ,4035,07,CONCORDIA CREATIVE LEARNING ACADEMY,000, ,11,11 ,All Grades,1,1,11,12,1,5,16,16,9,15,38,49,63,87,  , ,  
03-04,62,Ramsey                                       ,4036,07,FACE TO FACE ACADEMY               ,000, ,11,11 ,All Grades,0,5,2,2,5,5,9,8,16,9,32,29,36,61,  , ,  
03-04,62,Ramsey                                       ,4039,07,HIGH SCHOOL FOR RECORDING ARTS     ,000, ,11,11 ,All Grades,1,1,3,2,2,3,90,35,19,6,115,47,137,162,  , ,  
03-04,62,Ramsey                                       ,4042,07,TWIN CITIES ACADEMY                ,000, ,11,11 ,All Grades,0,0,16,9,4,8,6,18,52,53,78,88,61,166,  , ,  
03-04,62,Ramsey                                       ,4062,07,FAMILY ACADEMY CHARTER SCHOOL      ,000, ,11,11 ,All Grades,0,1,3,3,9,8,10,8,109,92,131,112,42,243,  , ,  
03-04,62,Ramsey                                       ,4065,07,MINNESOTA BUSINESS ACADEMY CHARTER ,000, ,11,11 ,All Grades,8,5,8,12,21,18,36,60,116,91,189,186,168,375,  , ,  
03-04,62,Ramsey                                       ,4069,07,WILLIAM E MCGEE INSTITUTE OF TECH  ,000, ,11,11 ,All Grades,1,0,0,0,0,1,182,196,1,0,184,197,380,381,  , ,  
03-04,62,Ramsey                                       ,4070,07,HOPE COMMUNITY ACADEMY             ,000, ,11,11 ,All Grades,0,0,210,218,0,1,13,11,1,2,224,232,453,456,  , ,  
03-04,62,Ramsey                                       ,4073,07,ACADEMIA CESAR CHAVEZ CHARTER SCH. ,000, ,11,11 ,All Grades,0,0,0,0,112,115,4,4,3,3,119,122,235,241,  , ,  
03-04,62,Ramsey                                       ,4074,07,AGRICULTURAL FOOD SCIENCE ACADEMY  ,000, ,11,11 ,All Grades,0,2,1,7,9,6,20,15,54,48,84,78,60,162,  , ,  
03-04,62,Ramsey                                       ,4075,07,AVALON SCHOOL                      ,000, ,11,11 ,All Grades,1,1,2,6,3,3,3,9,50,50,59,69,28,128,  , ,  
03-04,62,Ramsey                                       ,4078,07,MN INTERNATIONAL MIDDLE CHARTER    ,000, ,11,11 ,All Grades,0,0,0,0,0,0,73,52,0,0,73,52,125,125,  , ,  
03-04,62,Ramsey                                       ,4088,07,URBAN ACADEMY CHARTER SCHOOL       ,000, ,11,11 ,All Grades,1,0,7,4,4,0,20,22,1,3,33,29,58,62,  , ,  
03-04,62,Ramsey                                       ,4098,07,NOVA CLASSICAL ACADEMY             ,000, ,11,11 ,All Grades,0,0,4,7,0,0,6,6,87,65,97,78,23,175,  , ,  
03-04,62,Ramsey                                       ,4109,07,SOBRIETY HIGH                      ,000, ,11,11 ,All Grades,2,1,1,0,1,2,0,0,39,28,43,31,7,74,  , ,  
03-04,62,Ramsey                                       ,6067,62,EAST METRO INTEGRATION DIST.       ,000, ,11,11 ,All Grades,6,5,44,52,39,32,90,105,220,208,399,402,373,801,  , ,  
03-04,63,Red Lake                                     ,0627,01,OKLEE                              ,000, ,01,01 ,All Grades,4,2,0,2,0,0,0,0,86,83,90,87,8,177,  , ,  
03-04,63,Red Lake                                     ,0628,01,PLUMMER                            ,000, ,01,01 ,All Grades,6,3,1,0,0,1,0,1,92,76,99,81,12,180,  , ,  
03-04,63,Red Lake                                     ,0630,01,RED LAKE FALLS                     ,000, ,01,01 ,All Grades,1,0,0,0,4,4,1,2,194,185,200,191,12,391,  , ,  
03-04,64,Redwood                                      ,0635,01,MILROY                             ,000, ,06,08 ,All Grades,0,0,0,0,0,0,0,0,51,33,51,33,0,84,  , ,  
03-04,64,Redwood                                      ,0640,01,WABASSO                            ,000, ,06,08 ,All Grades,0,0,0,0,0,0,0,1,196,203,196,204,1,400,  , ,  
03-04,64,Redwood                                      ,2754,01,CEDAR MOUNTAIN                     ,000, ,06,08 ,All Grades,0,1,0,0,1,4,0,0,218,216,219,221,6,440,  , ,  
03-04,64,Redwood                                      ,2897,01,REDWOOD AREA SCHOOLS               ,000, ,06,08 ,All Grades,108,102,8,8,27,22,1,2,619,560,763,694,278,1457,  , ,  
03-04,64,Redwood                                      ,4028,07,ECI' NOMPA WOONSPE                 ,000, ,06,08 ,All Grades,10,18,0,0,1,0,0,0,1,0,12,18,29,30,  , ,  
03-04,65,Renville                                     ,2159,01,BUFFALO LAKE-HECTOR                ,000, ,06,06E,All Grades,1,0,1,2,34,25,3,4,254,246,293,277,70,570,  , ,  
03-04,65,Renville                                     ,2534,01,BIRD ISLAND-OLIVIA-LAKE LILLIAN    ,000, ,06,06E,All Grades,1,2,2,4,70,72,2,4,422,404,497,486,157,983,  , ,  
03-04,65,Renville                                     ,2890,01,RENVILLE COUNTY WEST               ,000, ,06,06E,All Grades,2,2,2,2,71,73,1,2,296,295,372,374,155,746,  , ,  
03-04,66,Rice                                         ,0160,70,MINNESOTA STATE ACADEMIES          ,000, ,10,10 ,All Grades,3,0,2,4,6,8,5,5,99,87,115,104,33,219,  , ,  
03-04,66,Rice                                         ,0656,01,FARIBAULT                          ,000, ,10,10 ,All Grades,3,5,33,47,320,325,48,41,1665,1570,2069,1988,822,4057,  , ,  
03-04,66,Rice                                         ,0659,01,NORTHFIELD                         ,000, ,10,10 ,All Grades,2,8,25,34,137,114,28,19,1741,1714,1933,1889,367,3822,  , ,  
03-04,66,Rice                                         ,4021,07,VILLAGE SCHOOL OF NORTHFIELD       ,000, ,10,10 ,All Grades,2,3,0,0,1,1,0,0,29,16,32,20,7,52,  , ,  
03-04,66,Rice                                         ,4055,07,NERSTRAND CHARTER SCHOOL           ,000, ,10,10 ,All Grades,0,0,1,2,0,0,3,0,69,79,73,81,6,154,  , ,  
03-04,66,Rice                                         ,4081,07,COVENANT ACADEMY OF MINNESOTA CHTR.,000, ,10,10 ,All Grades,1,0,1,2,2,3,1,0,18,21,23,26,10,49,  , ,  
03-04,66,Rice                                         ,4091,07,ARTECH                             ,000, ,10,10 ,All Grades,0,0,0,0,0,0,1,0,67,40,68,40,1,108,  , ,  
03-04,67,Rock                                         ,0671,01,HILLS-BEAVER CREEK                 ,000, ,06,08 ,All Grades,1,0,2,1,0,1,0,0,165,141,168,143,5,311,  , ,  
03-04,67,Rock                                         ,2184,01,LUVERNE                            ,000, ,06,08 ,All Grades,11,7,14,13,16,14,6,7,628,595,675,636,88,1311,  , ,  
03-04,68,Roseau                                       ,0676,01,BADGER                             ,000, ,01,01 ,All Grades,0,0,0,0,1,1,2,3,109,106,112,110,7,222,  , ,  
03-04,68,Roseau                                       ,0682,01,ROSEAU                             ,000, ,01,01 ,All Grades,5,2,6,7,0,2,3,2,769,684,783,697,27,1480,  , ,  
03-04,68,Roseau                                       ,0690,01,WARROAD                            ,000, ,01,01 ,All Grades,62,68,44,34,0,0,2,2,549,553,657,657,212,1314,  , ,  
03-04,68,Roseau                                       ,2683,01,GREENBUSH-MIDDLE RIVER             ,000, ,01,01 ,All Grades,1,0,0,2,1,0,2,1,232,227,236,230,7,466,  , ,  
03-04,69,St. Louis                                    ,0695,01,CHISHOLM                           ,000, ,03,03 ,All Grades,11,9,2,3,0,0,0,2,385,361,398,375,27,773,  , ,  
03-04,69,St. Louis                                    ,0696,01,ELY                                ,000, ,03,03 ,All Grades,22,34,2,2,0,1,2,3,326,298,352,338,66,690,  , ,  
03-04,69,St. Louis                                    ,0698,01,FLOODWOOD                          ,000, ,03,03 ,All Grades,5,2,0,0,5,0,4,2,213,203,227,207,18,434,  , ,  
03-04,69,St. Louis                                    ,0700,01,HERMANTOWN                         ,000, ,03,03 ,All Grades,14,9,14,12,6,8,2,2,991,926,1027,957,67,1984,  , ,  
03-04,69,St. Louis                                    ,0701,01,HIBBING                            ,000, ,03,03 ,All Grades,32,27,3,5,4,9,4,9,1358,1272,1401,1322,93,2723,  , ,  
03-04,69,St. Louis                                    ,0704,01,PROCTOR                            ,000, ,03,03 ,All Grades,8,2,3,4,2,2,5,3,899,936,917,947,29,1864,  , ,  
03-04,69,St. Louis                                    ,0706,01,VIRGINIA                           ,000, ,03,03 ,All Grades,35,32,8,9,8,8,14,16,774,773,839,838,130,1677,  , ,  
03-04,69,St. Louis                                    ,0707,01,NETT LAKE                          ,000, ,03,03 ,All Grades,38,38,0,0,0,0,0,0,1,0,39,38,76,77,  , ,  
03-04,69,St. Louis                                    ,0709,01,DULUTH                             ,000, ,03,03 ,All Grades,282,283,132,141,71,68,275,248,5112,4660,5872,5400,1500,11272,  , ,  
03-04,69,St. Louis                                    ,0712,01,MOUNTAIN IRON-BUHL                 ,000, ,03,03 ,All Grades,8,1,2,0,1,0,20,0,357,278,388,279,32,667,  , ,  
03-04,69,St. Louis                                    ,2142,01,ST. LOUIS COUNTY                   ,000, ,03,03 ,All Grades,150,109,7,4,4,2,10,5,1108,1017,1279,1137,291,2416,  , ,  
03-04,69,St. Louis                                    ,2154,01,EVELETH-GILBERT                    ,000, ,03,03 ,All Grades,7,20,17,9,2,4,5,5,679,632,710,670,69,1380,  , ,  
03-04,69,St. Louis                                    ,2711,01,MESABI EAST                        ,000, ,03,03 ,All Grades,4,3,2,3,0,2,5,0,478,450,489,458,19,947,  , ,  
03-04,69,St. Louis                                    ,4020,07,EDISON CHARTER SCHOOL              ,000, ,03,03 ,All Grades,15,14,2,9,5,10,20,17,334,347,376,397,92,773,  , ,  
03-04,69,St. Louis                                    ,4046,07,LAKE SUPERIOR HIGH SCHOOL          ,000, ,03,03 ,All Grades,3,5,0,0,1,1,1,0,43,26,48,32,11,80,  , ,  
03-04,69,St. Louis                                    ,4084,07,NORTH SHORE COMMUNITY SCHOOL       ,000, ,03,03 ,All Grades,0,0,0,0,0,0,0,0,103,117,103,117,0,220,  , ,  
03-04,69,St. Louis                                    ,4085,07,HARBOR CITY INTERNATIONAL CHARTER  ,000, ,03,03 ,All Grades,0,3,0,0,0,0,2,1,75,72,77,76,6,153,  , ,  
03-04,69,St. Louis                                    ,6076,50,NORTHLAND LEARNING CENTER          ,000, ,03,03 ,All Grades,10,7,0,0,1,0,2,2,54,39,67,48,22,115,  , ,  
03-04,70,Scott                                        ,0716,01,BELLE PLAINE                       ,000, ,11,11 ,All Grades,3,2,5,14,14,11,8,6,682,622,712,655,63,1367,  , ,  
03-04,70,Scott                                        ,0717,01,JORDAN                             ,000, ,11,11 ,All Grades,0,0,2,3,21,34,1,0,736,690,760,727,61,1487,  , ,  
03-04,70,Scott                                        ,0719,01,PRIOR LAKE-SAVAGE AREA SCHOOLS     ,000, ,11,11 ,All Grades,40,35,116,115,32,46,51,51,2594,2465,2833,2712,486,5545,  , ,  
03-04,70,Scott                                        ,0720,01,SHAKOPEE                           ,000, ,11,11 ,All Grades,55,48,144,148,267,211,88,63,2004,1865,2558,2335,1024,4893,  , ,  
03-04,70,Scott                                        ,0721,01,NEW PRAGUE AREA SCHOOLS            ,000, ,11,09 ,All Grades,0,2,15,13,15,10,5,3,1409,1400,1444,1428,63,2872,  , ,  
03-04,70,Scott                                        ,0993,52,MINNESOTA RIVER VALLEY SP. ED. COOP,000, ,11,11 ,All Grades,3,0,2,2,3,1,2,3,226,93,236,99,16,335,  , ,  
03-04,71,Sherburne                                    ,0726,01,BECKER                             ,000, ,07,07W,All Grades,8,3,11,10,4,14,7,7,1250,1141,1280,1175,64,2455,  , ,  
03-04,71,Sherburne                                    ,0727,01,BIG LAKE                           ,000, ,07,07W,All Grades,14,24,15,25,31,34,18,20,1546,1484,1624,1587,181,3211,  , ,  
03-04,71,Sherburne                                    ,0728,01,ELK RIVER                          ,000, ,07,07W,All Grades,39,59,74,85,66,76,50,47,5121,4849,5350,5116,496,10466,  , ,  
03-04,72,Sibley                                       ,2310,01,SIBLEY EAST                        ,000, ,09,09 ,All Grades,0,1,7,11,113,109,7,1,548,470,675,592,249,1267,  , ,  
03-04,72,Sibley                                       ,2365,01,G.F.W.                             ,000, ,09,09 ,All Grades,0,0,0,0,42,41,1,1,397,414,440,456,85,896,  , ,  
03-04,72,Sibley                                       ,4007,07,MINNESOTA NEW COUNTRY SCHOOL       ,000, ,09,09 ,All Grades,0,0,1,1,2,5,0,0,58,35,61,41,9,102,  , ,  
03-04,72,Sibley                                       ,6049,61,RIVER BEND ED. DISTRICT            ,000, ,09,09 ,All Grades,0,0,0,0,6,3,0,1,80,35,86,39,10,125,  , ,  
03-04,73,Stearns                                      ,0738,01,HOLDINGFORD                        ,000, ,07,07W,All Grades,0,0,0,0,0,0,0,0,539,536,539,536,0,1075,  , ,  
03-04,73,Stearns                                      ,0739,01,KIMBALL                            ,000, ,07,07W,All Grades,4,2,1,1,1,2,5,2,407,414,418,421,18,839,  , ,  
03-04,73,Stearns                                      ,0740,01,MELROSE                            ,000, ,07,07W,All Grades,0,0,0,2,86,84,9,5,683,624,778,715,186,1493,  , ,  
03-04,73,Stearns                                      ,0741,01,PAYNESVILLE                        ,000, ,07,07W,All Grades,0,0,0,1,7,7,3,3,569,520,579,531,21,1110,  , ,  
03-04,73,Stearns                                      ,0742,01,ST. CLOUD                          ,000, ,07,07W,All Grades,45,57,204,201,125,127,337,325,4398,4013,5109,4723,1421,9832,  , ,  
03-04,73,Stearns                                      ,0742,60,CORRECTIONAL FACILITY-ST. CLOUD    ,000, ,07,07W,All Grades,0,0,0,0,0,0,1,0,0,0,1,0,1,1,  , ,  
03-04,73,Stearns                                      ,0743,01,SAUK CENTRE                        ,000, ,07,07W,All Grades,0,0,1,2,10,7,1,1,566,566,578,576,22,1154,  , ,  
03-04,73,Stearns                                      ,0745,01,ALBANY                             ,000, ,07,07W,All Grades,4,1,3,0,8,8,4,3,794,773,813,785,31,1598,  , ,  
03-04,73,Stearns                                      ,0748,01,SARTELL                            ,000, ,07,07W,All Grades,2,2,33,24,9,7,3,9,1384,1303,1431,1345,89,2776,  , ,  
03-04,73,Stearns                                      ,0750,01,ROCORI                             ,000, ,07,07W,All Grades,0,0,8,5,33,34,9,5,1217,1044,1267,1088,94,2355,  , ,  
03-04,73,Stearns                                      ,2364,01,BELGRADE-BROOTEN-ELROSA            ,000, ,07,07W,All Grades,0,1,2,0,29,30,0,0,394,366,425,397,62,822,  , ,  
03-04,73,Stearns                                      ,4048,07,GREAT RIVER EDUCATION CENTER       ,000, ,07,07W,All Grades,0,0,0,0,0,0,2,0,29,18,31,18,2,49,  , ,  
03-04,73,Stearns                                      ,6026,61,WEST CENTRAL ED. DISTRICT          ,000, ,07,07W,All Grades,0,0,1,0,0,0,0,0,28,16,29,16,1,45,  , ,  
03-04,73,Stearns                                      ,6074,50,CENTRAL MINNESOTA JT. POWERS DIST. ,000, ,07,07W,All Grades,0,1,0,0,0,0,0,0,32,17,32,18,1,50,  , ,  
03-04,73,Stearns                                      ,6383,61,BENTON-STEARNS ED. DISTRICT        ,000, ,07,07W,All Grades,0,0,0,0,2,0,4,0,31,25,37,25,6,62,  , ,  
03-04,74,Steele                                       ,0756,01,BLOOMING PRAIRIE                   ,000, ,10,10 ,All Grades,0,0,2,1,29,34,2,1,334,369,367,405,69,772,  , ,  
03-04,74,Steele                                       ,0761,01,OWATONNA                           ,000, ,10,10 ,All Grades,2,2,37,22,203,184,125,145,2210,2043,2577,2396,720,4973,  , ,  
03-04,74,Steele                                       ,0763,01,MEDFORD                            ,000, ,10,10 ,All Grades,0,2,3,6,14,12,4,1,326,297,347,318,42,665,  , ,  
03-04,75,Stevens                                      ,0398,52,MIDWEST SP. ED. COOP.              ,000, ,04,04 ,All Grades,0,0,0,0,0,0,0,0,3,2,3,2,0,5,  , ,  
03-04,75,Stevens                                      ,0768,01,HANCOCK                            ,000, ,04,04 ,All Grades,1,0,1,1,0,0,0,0,121,96,123,97,3,220,  , ,  
03-04,75,Stevens                                      ,0769,01,MORRIS                             ,000, ,04,04 ,All Grades,2,6,5,6,7,4,10,8,488,479,512,503,48,1015,  , ,  
03-04,75,Stevens                                      ,0771,01,CHOKIO-ALBERTA                     ,000, ,04,04 ,All Grades,2,0,0,0,1,0,0,0,111,97,114,97,3,211,  , ,  
03-04,76,Swift                                        ,0775,01,KERKHOVEN-MURDOCK-SUNBURG          ,000, ,06,06W,All Grades,2,0,0,0,27,31,3,2,290,285,322,318,65,640,  , ,  
03-04,76,Swift                                        ,0777,01,BENSON                             ,000, ,06,06W,All Grades,1,1,1,6,8,15,8,9,533,497,551,528,49,1079,  , ,  
03-04,77,Todd                                         ,0786,01,BERTHA-HEWITT                      ,000, ,05,05 ,All Grades,1,2,0,0,0,2,1,1,244,231,246,236,7,482,  , ,  
03-04,77,Todd                                         ,0787,01,BROWERVILLE                        ,000, ,05,05 ,All Grades,0,0,0,1,11,6,0,0,240,256,251,263,18,514,  , ,  
03-04,77,Todd                                         ,2170,01,STAPLES-MOTLEY                     ,000, ,05,05 ,All Grades,13,12,4,4,23,16,8,5,706,706,754,743,85,1497,  , ,  
03-04,77,Todd                                         ,2753,01,LONG PRAIRIE-GREY EAGLE            ,000, ,05,05 ,All Grades,3,0,6,2,113,112,3,6,587,553,712,673,245,1385,  , ,  
03-04,77,Todd                                         ,2759,01,EAGLE VALLEY PUBLIC SCHOOLS        ,000, ,05,05 ,All Grades,0,0,0,1,1,2,2,0,191,169,194,172,6,366,  , ,  
03-04,77,Todd                                         ,6004,61,FRESHWATER ED. DIST.               ,000, ,05,05 ,All Grades,0,2,1,0,2,1,1,0,64,56,68,59,7,127,  , ,  
03-04,78,Traverse                                     ,0801,01,BROWNS VALLEY                      ,000, ,04,04 ,All Grades,33,32,1,0,0,0,1,1,44,50,79,83,68,162,  , ,  
03-04,78,Traverse                                     ,0803,01,WHEATON AREA SCHOOL                ,000, ,04,04 ,All Grades,1,2,3,2,8,5,1,1,231,198,244,208,23,452,  , ,  
03-04,79,Wabasha                                      ,0806,01,ELGIN-MILLVILLE                    ,000, ,10,10 ,All Grades,2,2,1,4,3,1,0,2,277,254,283,263,15,546,  , ,  
03-04,79,Wabasha                                      ,0810,01,PLAINVIEW                          ,000, ,10,10 ,All Grades,0,1,3,1,34,47,5,2,575,507,617,558,93,1175,  , ,  
03-04,79,Wabasha                                      ,0811,01,WABASHA-KELLOGG                    ,000, ,10,10 ,All Grades,1,1,0,0,1,2,5,2,344,352,351,357,12,708,  , ,  
03-04,79,Wabasha                                      ,0813,01,LAKE CITY                          ,000, ,10,10 ,All Grades,1,0,5,8,17,10,13,12,704,667,740,697,66,1437,  , ,  
03-04,79,Wabasha                                      ,2805,01,ZUMBROTA-MAZEPPA                   ,000, ,10,10 ,All Grades,3,4,6,8,8,4,9,13,582,552,608,581,55,1189,  , ,  
03-04,80,Wadena                                       ,0818,01,VERNDALE                           ,000, ,05,05 ,All Grades,3,5,0,4,5,3,3,2,227,217,238,231,25,469,  , ,  
03-04,80,Wadena                                       ,0820,01,SEBEKA                             ,000, ,05,05 ,All Grades,0,0,0,1,0,0,3,2,292,281,295,284,6,579,  , ,  
03-04,80,Wadena                                       ,0821,01,MENAHGA                            ,000, ,05,05 ,All Grades,5,4,0,0,5,0,2,2,348,371,360,377,18,737,  , ,  
03-04,80,Wadena                                       ,2155,01,WADENA-DEER CREEK                  ,000, ,05,05 ,All Grades,6,2,1,1,5,1,6,11,687,606,705,621,33,1326,  , ,  
03-04,81,Waseca                                       ,0829,01,WASECA                             ,000, ,09,09 ,All Grades,8,5,10,12,79,70,28,33,995,926,1120,1046,245,2166,  , ,  
03-04,81,Waseca                                       ,2168,01,N.R.H.E.G.                         ,000, ,09,09 ,All Grades,0,0,1,6,2,2,1,0,523,476,527,484,12,1011,  , ,  
03-04,81,Waseca                                       ,2835,01,JANESVILLE-WALDORF-PEMBERTON       ,000, ,09,09 ,All Grades,0,0,2,3,1,1,1,0,299,280,303,284,8,587,  , ,  
03-04,82,Washington                                   ,0831,01,FOREST LAKE                        ,000, ,11,11 ,All Grades,23,22,83,74,41,25,34,29,3882,3537,4063,3687,331,7750,  , ,  
03-04,82,Washington                                   ,0832,01,MAHTOMEDI                          ,000, ,11,11 ,All Grades,4,2,37,34,19,23,24,35,1523,1377,1607,1471,178,3078,  , ,  
03-04,82,Washington                                   ,0833,01,SOUTH WASHINGTON COUNTY            ,000, ,11,11 ,All Grades,50,37,479,492,280,246,420,383,6750,6492,7979,7650,2387,15629,  , ,  
03-04,82,Washington                                   ,0834,01,STILLWATER                         ,000, ,11,11 ,All Grades,11,5,102,111,47,48,57,46,4470,4096,4687,4306,427,8993,  , ,  
03-04,82,Washington                                   ,0916,06,N.E. METRO INTERMEDIATE DIST. 916  ,000, ,11,11 ,All Grades,6,8,14,6,16,4,39,28,313,173,388,219,121,607,  , ,  
03-04,82,Washington                                   ,4003,07,"NEW HEIGHTS SCHOOL, INC.           ",000, ,11,11 ,All Grades,1,0,0,0,5,0,0,1,64,57,70,58,7,128,  , ,  
03-04,82,Washington                                   ,4043,07,MATH & SCIENCE ACADEMY             ,000, ,11,11 ,All Grades,0,0,7,8,2,0,1,0,155,105,165,113,18,278,  , ,  
03-04,82,Washington                                   ,4053,07,NORTH LAKES ACADEMY                ,000, ,11,11 ,All Grades,0,0,1,0,1,0,0,1,71,82,73,83,3,156,  , ,  
03-04,82,Washington                                   ,6072,62,VALLEY CROSSING COMMUNITY SCHOOL   ,000, ,11,11 ,All Grades,0,1,18,13,15,9,9,11,346,363,388,397,76,785,  , ,  
03-04,83,Watonwan                                     ,0836,01,BUTTERFIELD                        ,000, ,09,09 ,All Grades,0,0,5,8,15,19,0,0,79,72,99,99,47,198,  , ,  
03-04,83,Watonwan                                     ,0837,01,MADELIA                            ,000, ,09,09 ,All Grades,0,0,0,0,93,109,4,7,206,219,303,335,213,638,  , ,  
03-04,83,Watonwan                                     ,0840,01,ST. JAMES                          ,000, ,09,09 ,All Grades,2,2,2,7,207,182,11,11,396,434,618,636,424,1254,  , ,  
03-04,84,Wilkin                                       ,0846,01,BRECKENRIDGE                       ,000, ,04,04 ,All Grades,9,8,0,4,20,18,1,8,413,411,443,449,68,892,  , ,  
03-04,84,Wilkin                                       ,0850,01,ROTHSAY                            ,000, ,04,04 ,All Grades,2,3,0,0,7,8,2,2,112,101,123,114,24,237,  , ,  
03-04,84,Wilkin                                       ,0852,01,CAMPBELL-TINTAH                    ,000, ,04,04 ,All Grades,1,0,0,0,6,4,1,1,69,67,77,72,13,149,  , ,  
03-04,85,Winona                                       ,0857,01,LEWISTON-ALTURA                    ,000, ,10,10 ,All Grades,2,1,2,2,6,4,2,0,397,369,409,376,19,785,  , ,  
03-04,85,Winona                                       ,0858,01,ST. CHARLES                        ,000, ,10,10 ,All Grades,3,0,23,17,28,31,2,1,498,464,554,513,105,1067,  , ,  
03-04,85,Winona                                       ,0861,01,WINONA AREA PUBLIC SCHOOLS         ,000, ,10,10 ,All Grades,4,6,94,86,44,41,58,44,1906,1768,2106,1945,377,4051,  , ,  
03-04,85,Winona                                       ,4001,07,BLUFFVIEW MONTESSORI               ,000, ,10,10 ,All Grades,0,0,3,1,0,0,0,0,92,82,95,83,4,178,  , ,  
03-04,85,Winona                                       ,4064,07,RIVERWAY LEARNING COMMUNITY CHTR   ,000, ,10,10 ,All Grades,2,0,0,0,1,0,4,1,31,27,38,28,8,66,  , ,  
03-04,85,Winona                                       ,4083,07,RIDGEWAY COMMUNITY SCHOOL          ,000, ,10,01 ,All Grades,0,0,0,0,0,0,0,0,33,23,33,23,0,56,  , ,  
03-04,85,Winona                                       ,6013,61,HIAWATHA VALLEY ED. DISTRICT       ,000, ,10,10 ,All Grades,1,1,0,1,5,0,0,0,57,39,63,41,8,104,  , ,  
03-04,86,Wright                                       ,0876,01,ANNANDALE                          ,000, ,07,07W,All Grades,2,4,3,7,8,2,11,9,904,871,928,893,46,1821,  , ,  
03-04,86,Wright                                       ,0877,01,BUFFALO                            ,000, ,07,07W,All Grades,13,22,28,23,47,39,31,35,2585,2451,2704,2570,238,5274,  , ,  
03-04,86,Wright                                       ,0879,01,DELANO                             ,000, ,07,07W,All Grades,7,3,7,15,7,8,10,9,952,909,983,944,66,1927,  , ,  
03-04,86,Wright                                       ,0881,01,MAPLE LAKE                         ,000, ,07,07W,All Grades,1,0,3,3,6,1,0,4,461,451,471,459,18,930,  , ,  
03-04,86,Wright                                       ,0882,01,MONTICELLO                         ,000, ,07,07W,All Grades,2,4,16,20,32,35,12,18,1895,1931,1957,2008,139,3965,  , ,  
03-04,86,Wright                                       ,0883,01,ROCKFORD                           ,000, ,07,07W,All Grades,4,10,14,18,8,13,11,9,896,775,933,825,87,1758,  , ,  
03-04,86,Wright                                       ,0885,01,ST. MICHAEL-ALBERTVILLE            ,000, ,07,07W,All Grades,2,5,48,44,16,15,21,18,1749,1707,1836,1789,169,3625,  , ,  
03-04,86,Wright                                       ,0938,52,MEEKER & WRIGHT SPECIAL EDUCATION  ,000, ,06,07W,All Grades,1,0,0,0,6,2,1,0,86,19,94,21,10,115,  , ,  
03-04,86,Wright                                       ,0966,51,WRIGHT TECH. CTR.                  ,000, ,07,07W,All Grades,0,0,0,0,2,1,0,1,69,62,71,64,4,135,  , ,  
03-04,86,Wright                                       ,2687,01,HOWARD LAKE-WAVERLY-WINSTED        ,000, ,07,07W,All Grades,2,1,1,2,5,3,4,6,489,453,501,465,24,966,  , ,  
03-04,87,Yellow Medicine                              ,0891,01,CANBY                              ,000, ,06,06W,All Grades,0,1,1,0,6,6,2,0,342,280,351,287,16,638,  , ,  
03-04,87,Yellow Medicine                              ,2190,01,YELLOW MEDICINE EAST               ,000, ,06,06W,All Grades,32,24,4,8,34,36,3,3,483,485,556,556,144,1112,  , ,  
03-04,87,Yellow Medicine                              ,4026,07,E.C.H.O. CHARTER SCHOOL            ,000, ,06,06W,All Grades,0,0,1,2,2,1,0,0,77,75,80,78,6,158,  , ,  
