Data Year,District County Number,District County Name,District Number,District Type,District Name,School Number,School Name,ECSU Number,Eco Dev Rgn,Test Name,Test Date,Grade,Subject,Report Order,Report Category,Report Description,Filtered,Count Tested,Count Passed,Count Not Passed,Percent Passed,Percent Not Passed,Average Score,VESS Average Score,CSPSS Average Score,LSS Average Score,Standard Deviation,Std. Error of Mean,Confidence Interval,Count Absent,Count Invalid,Count Medical Exempt,Count Not Complete,Count PSO,Count Refused,Count Wrong Grade,October 1 Grade Enrollment,October 1 District Enrollment,Filter Threshold,Public School,School County Number,School County Name,School Classification
9-Aug,1,Aitkin,1,1,AITKIN PUBLIC SCHOOL DISTRICT,0,All Schools,3,3,GRAD,20090413,10,R,1,All Categories,All Students,N,95,80,15,84.2,15.8,57.5,7.5,21.5,3.3,10.5,1.1,55.4-59.6,1,0,0,0,0,0,0,99,1265,9,Y,1,Aitkin,0
9-Aug,27,Hennepin,1,3,MINNEAPOLIS PUBLIC SCHOOL DIST.,0,All Schools,11,11,GRAD,20090413,10,R,1,All Categories,All Students,N,2181,1252,929,57.4,42.6,51,6.1,18.8,2.6,15,0.3,50.4-51.6,28,8,1,32,0,4,7,2494,33886,9,Y,27,Hennepin,0
9-Aug,1,Aitkin,2,1,HILL CITY PUBLIC SCHOOL DISTRICT,0,All Schools,3,3,GRAD,20090413,10,R,1,All Categories,All Students,N,33,23,10,69.7,30.3,53.8,7.2,19.3,2.8,13.7,2.4,49.1-58.5,0,0,0,0,0,0,0,35,288,9,Y,1,Aitkin,0
9-Aug,1,Aitkin,4,1,MCGREGOR PUBLIC SCHOOL DISTRICT,0,All Schools,3,3,GRAD,20090413,10,R,1,All Categories,All Students,N,37,21,16,56.8,43.2,50.4,6.4,18.9,2.6,10.8,1.8,46.9-53.9,0,0,0,0,0,0,0,37,392,9,Y,1,Aitkin,0
9-Aug,19,Dakota,6,3,SOUTH ST. PAUL PUBLIC SCHOOL DIST.,0,All Schools,11,11,GRAD,20090413,10,R,1,All Categories,All Students,N,246,188,58,76.4,23.6,54.8,7,20.6,2.9,12.4,0.8,53.2-56.4,1,0,0,3,0,0,0,259,3274,9,Y,19,Dakota,0
9-Aug,2,Anoka,11,1,ANOKA-HENNEPIN PUBLIC SCHOOL DIST.,0,All Schools,11,11,GRAD,20090413,10,R,1,All Categories,All Students,N,3191,2585,606,81,19,57.1,7.4,21.3,3,11.7,0.2,56.7-57.5,7,1,1,3,0,0,0,3370,39435,9,Y,2,Anoka,0
9-Aug,2,Anoka,12,1,CENTENNIAL PUBLIC SCHOOL DISTRICT,0,All Schools,11,11,GRAD,20090413,10,R,1,All Categories,All Students,N,568,490,78,86.3,13.7,59.5,7.7,22.1,3.1,11.4,0.5,58.6-60.4,2,0,0,2,0,0,0,591,6747,9,Y,2,Anoka,0
9-Aug,2,Anoka,13,1,COLUMBIA HEIGHTS PUBLIC SCHOOL DIST,0,All Schools,11,11,GRAD,20090413,10,R,1,All Categories,All Students,N,233,149,84,63.9,36.1,51.7,6.4,19.6,2.7,11.7,0.8,50.2-53.2,2,0,0,1,0,0,0,249,2831,9,Y,2,Anoka,0
9-Aug,2,Anoka,14,1,FRIDLEY PUBLIC SCHOOL DISTRICT,0,All Schools,11,11,GRAD,20090413,10,R,1,All Categories,All Students,N,229,160,69,69.9,30.1,54.4,6.8,20.2,2.8,13.8,0.9,52.6-56.2,2,1,0,1,0,0,1,261,2693,9,Y,2,Anoka,0
9-Aug,2,Anoka,15,1,ST. FRANCIS PUBLIC SCHOOL DISTRICT,0,All Schools,11,11,GRAD,20090413,10,R,1,All Categories,All Students,N,421,352,69,83.6,16.4,57.4,7.4,21.6,3,10.9,0.5,56.4-58.4,2,1,0,2,0,0,0,455,5589,9,Y,2,Anoka,0
9-Aug,2,Anoka,16,1,SPRING LAKE PARK PUBLIC SCHOOLS,0,All Schools,11,11,GRAD,20090413,10,R,1,All Categories,All Students,N,347,246,101,70.9,29.1,55.3,7,20.5,2.9,12.4,0.7,54.0-56.6,1,0,0,1,0,0,1,367,4607,9,Y,2,Anoka,0
9-Aug,3,Becker,22,1,DETROIT LAKES PUBLIC SCHOOL DIST.,0,All Schools,4,4,GRAD,20090413,10,R,1,All Categories,All Students,N,210,164,46,78.1,21.9,56.3,7.2,21.1,3,11.5,0.8,54.7-57.9,0,0,0,2,0,0,0,213,2697,9,Y,3,Becker,0
9-Aug,3,Becker,23,1,FRAZEE-VERGAS PUBLIC SCHOOL DIST.,0,All Schools,4,4,GRAD,20090413,10,R,1,All Categories,All Students,N,66,50,16,75.8,24.2,55.7,7.1,20.8,3.1,11.2,1.4,53.0-58.4,0,0,0,0,0,0,0,75,934,9,Y,3,Becker,0
9-Aug,4,Beltrami,31,1,BEMIDJI PUBLIC SCHOOL DISTRICT,0,All Schools,1,2,GRAD,20090413,10,R,1,All Categories,All Students,N,354,290,64,81.9,18.1,56.7,7.3,20.9,3.1,12.6,0.7,55.4-58.0,0,0,0,3,0,0,0,366,4699,9,Y,4,Beltrami,0
9-Aug,4,Beltrami,32,1,BLACKDUCK PUBLIC SCHOOL DISTRICT,0,All Schools,1,2,GRAD,20090413,10,R,1,All Categories,All Students,N,52,45,7,86.5,13.5,58.6,7.7,22.1,3,10.3,1.4,55.8-61.4,0,0,0,1,0,0,0,59,629,9,Y,4,Beltrami,0
9-Aug,4,Beltrami,36,1,KELLIHER PUBLIC SCHOOL DISTRICT,0,All Schools,1,2,GRAD,20090413,10,R,1,All Categories,All Students,N,16,12,4,75,25,58,7.2,21.6,3.3,12.7,3.2,51.8-64.2,0,0,0,0,0,0,0,18,217,9,Y,4,Beltrami,0
9-Aug,4,Beltrami,38,1,RED LAKE PUBLIC SCHOOL DISTRICT,0,All Schools,1,2,GRAD,20090413,10,R,1,All Categories,All Students,N,56,13,43,23.2,76.8,40.4,4.5,14.6,2.1,10.5,1.4,37.7-43.1,0,0,0,2,0,0,0,98,1386,9,Y,4,Beltrami,0
9-Aug,5,Benton,47,1,SAUK RAPIDS PUBLIC SCHOOL DISTRICT,0,All Schools,7,07W,GRAD,20090413,10,R,1,All Categories,All Students,N,285,247,38,86.7,13.3,57.7,7.5,21.6,3.1,10.8,0.6,56.4-59.0,0,0,0,3,0,0,0,297,3691,9,Y,5,Benton,0
9-Aug,5,Benton,51,1,FOLEY PUBLIC SCHOOL DISTRICT,0,All Schools,7,07W,GRAD,20090413,10,R,1,All Categories,All Students,N,116,90,26,77.6,22.4,54.4,7.2,20.3,3,10.8,1,52.4-56.4,0,0,0,0,0,0,0,121,1661,9,Y,5,Benton,0
9-Aug,6,Big Stone,62,1,ORTONVILLE PUBLIC SCHOOL DISTRICT,0,All Schools,6,06W,GRAD,20090413,10,R,1,All Categories,All Students,N,51,40,11,78.4,21.6,56.1,7,20.8,3.2,12.5,1.7,52.7-59.5,0,0,0,0,0,0,0,54,524,9,Y,6,Big Stone,0
9-Aug,7,Blue Earth,75,1,ST. CLAIR PUBLIC SCHOOL DISTRICT,0,All Schools,9,9,GRAD,20090413,10,R,1,All Categories,All Students,N,42,34,8,81,19,57.7,7.7,21.1,3.2,11.3,1.7,54.3-61.1,0,0,0,0,0,0,0,43,581,9,Y,7,Blue Earth,0
9-Aug,7,Blue Earth,77,1,MANKATO PUBLIC SCHOOL DISTRICT,0,All Schools,9,9,GRAD,20090413,10,R,1,All Categories,All Students,N,487,406,81,83.4,16.6,58.2,7.5,21.7,3,12,0.5,57.1-59.3,1,1,0,3,0,0,0,533,7087,9,Y,7,Blue Earth,0
9-Aug,8,Brown,81,1,COMFREY PUBLIC SCHOOL DISTRICT,0,All Schools,9,9,GRAD,20090413,10,R,1,All Categories,All Students,Y,8,,,,,,,,,,,,,,,,,,,7,147,9,Y,8,Brown,0
9-Aug,8,Brown,84,1,SLEEPY EYE PUBLIC SCHOOL DISTRICT,0,All Schools,9,9,GRAD,20090413,10,R,1,All Categories,All Students,N,43,29,14,67.4,32.6,54.7,6.6,21.1,2.8,11,1.7,51.4-58.0,0,0,0,0,0,0,0,45,611,9,Y,8,Brown,0
9-Aug,8,Brown,85,1,SPRINGFIELD PUBLIC SCHOOL DISTRICT,0,All Schools,9,9,GRAD,20090413,10,R,1,All Categories,All Students,N,62,48,14,77.4,22.6,55.6,7.1,20.8,3.2,10.9,1.4,52.9-58.3,0,0,0,0,0,0,0,64,588,9,Y,8,Brown,0
9-Aug,8,Brown,88,1,NEW ULM PUBLIC SCHOOL DISTRICT,0,All Schools,9,9,GRAD,20090413,10,R,1,All Categories,All Students,N,155,129,26,83.2,16.8,56.3,7.3,21.3,3.1,9.9,0.8,54.7-57.9,0,0,0,0,0,0,0,167,2012,9,Y,8,Brown,0
9-Aug,9,Carlton,91,1,BARNUM PUBLIC SCHOOL DISTRICT,0,All Schools,3,3,GRAD,20090413,10,R,1,All Categories,All Students,N,46,29,17,63,37,52.5,6.8,19.8,2.7,10.8,1.6,49.4-55.6,0,0,0,0,0,0,0,49,732,9,Y,9,Carlton,0
9-Aug,9,Carlton,93,1,CARLTON PUBLIC SCHOOL DISTRICT,0,All Schools,3,3,GRAD,20090413,10,R,1,All Categories,All Students,N,51,41,10,80.4,19.6,58,7.2,21.5,3.2,12.5,1.8,54.6-61.4,0,0,0,0,0,0,0,58,588,9,Y,9,Carlton,0
9-Aug,9,Carlton,94,1,CLOQUET PUBLIC SCHOOL DISTRICT,0,All Schools,3,3,GRAD,20090413,10,R,1,All Categories,All Students,N,178,138,40,77.5,22.5,55.8,7.1,20.7,3.1,12.2,0.9,54.0-57.6,0,0,0,0,0,0,0,184,2367,9,Y,9,Carlton,0
9-Aug,9,Carlton,95,1,CROMWELL-WRIGHT PUBLIC SCHOOLS,0,All Schools,3,3,GRAD,20090413,10,R,1,All Categories,All Students,N,31,23,8,74.2,25.8,54.5,7,20.3,2.8,13.6,2.4,49.7-59.3,0,0,0,0,0,0,0,32,307,9,Y,9,Carlton,0
9-Aug,9,Carlton,97,1,MOOSE LAKE PUBLIC SCHOOL DISTRICT,0,All Schools,3,3,GRAD,20090413,10,R,1,All Categories,All Students,N,64,53,11,82.8,17.2,57.6,7.4,21.7,3.1,10.2,1.3,55.1-60.1,0,0,0,0,0,0,0,66,730,9,Y,9,Carlton,0
9-Aug,9,Carlton,99,1,ESKO PUBLIC SCHOOL DISTRICT,0,All Schools,3,3,GRAD,20090413,10,R,1,All Categories,All Students,N,93,89,4,95.7,4.3,62.6,7.9,23,3.4,11.5,1.2,60.3-64.9,0,0,0,0,0,0,0,92,1154,9,Y,9,Carlton,0
9-Aug,9,Carlton,100,1,WRENSHALL PUBLIC SCHOOL DISTRICT,0,All Schools,3,3,GRAD,20090413,10,R,1,All Categories,All Students,N,21,11,10,52.4,47.6,49.2,6.7,18.3,2.4,9.1,2,45.3-53.1,0,0,0,0,0,0,0,22,314,9,Y,9,Carlton,0
9-Aug,10,Carver,108,1,NORWOOD PUBLIC SCHOOL DISTRICT,0,All Schools,11,11,GRAD,20090413,10,R,1,All Categories,All Students,N,93,77,16,82.8,17.2,57.2,7.4,21.6,3.1,10.4,1.1,55.1-59.3,0,0,0,0,0,0,0,94,1028,9,Y,10,Carver,0
9-Aug,10,Carver,110,1,WACONIA PUBLIC SCHOOL DISTRICT,0,All Schools,11,11,GRAD,20090413,10,R,1,All Categories,All Students,N,222,192,30,86.5,13.5,59.2,7.7,22,3.2,11.1,0.7,57.7-60.7,3,0,0,0,0,0,0,236,3025,9,Y,10,Carver,0
9-Aug,10,Carver,111,1,WATERTOWN-MAYER PUBLIC SCHOOL DIST.,0,All Schools,11,11,GRAD,20090413,10,R,1,All Categories,All Students,N,126,111,15,88.1,11.9,60.5,7.6,22.5,3.3,11.7,1,58.5-62.5,0,0,0,0,0,0,0,131,1631,9,Y,10,Carver,0
9-Aug,10,Carver,112,1,EASTERN CARVER COUNTY PUBLIC SCHOOL,0,All Schools,11,11,GRAD,20090413,10,R,1,All Categories,All Students,N,641,558,83,87.1,12.9,60.2,7.7,22.3,3.1,11.9,0.5,59.3-61.1,0,1,0,0,0,2,1,654,8694,9,Y,10,Carver,0
9-Aug,11,Cass,113,1,WALKER-HACKENSACK-AKELEY SCHL. DIST,0,All Schools,5,5,GRAD,20090413,10,R,1,All Categories,All Students,N,74,48,26,64.9,35.1,51.7,6.6,19.4,2.6,11.9,1.4,49.0-54.4,2,0,0,1,0,0,0,84,827,9,Y,11,Cass,0
9-Aug,11,Cass,115,1,CASS LAKE-BENA PUBLIC SCHOOLS,0,All Schools,5,5,GRAD,20090413,10,R,1,All Categories,All Students,N,52,20,32,38.5,61.5,45.6,5.5,16.9,2.1,12.2,1.7,42.3-48.9,1,0,0,4,0,0,0,74,1073,9,Y,11,Cass,0
9-Aug,11,Cass,116,1,PILLAGER PUBLIC SCHOOL DISTRICT,0,All Schools,5,5,GRAD,20090413,10,R,1,All Categories,All Students,N,64,48,16,75,25,54.3,7.2,20.1,3.1,10.5,1.3,51.7-56.9,0,0,0,0,0,0,0,63,764,9,Y,11,Cass,0
9-Aug,11,Cass,118,1,NORTHLAND COMMUNITY SCHOOLS,0,All Schools,5,5,GRAD,20090413,10,R,1,All Categories,All Students,N,49,38,11,77.6,22.4,55.6,7.2,20.8,3.1,11.3,1.6,52.4-58.8,0,0,1,0,0,0,0,54,444,9,Y,11,Cass,0
9-Aug,12,Chippewa,129,1,MONTEVIDEO PUBLIC SCHOOL DISTRICT,0,All Schools,6,06W,GRAD,20090413,10,R,1,All Categories,All Students,N,101,75,26,74.3,25.7,57.2,7.4,20.8,3,13.6,1.4,54.5-59.9,0,0,0,0,0,0,0,107,1360,9,Y,12,Chippewa,0
9-Aug,13,Chisago,138,1,NORTH BRANCH PUBLIC SCHOOLS,0,All Schools,7,07E,GRAD,20090413,10,R,1,All Categories,All Students,N,320,272,48,85,15,58.5,7.6,21.6,3.1,12.2,0.7,57.2-59.8,2,0,0,1,0,0,0,335,3731,9,Y,13,Chisago,0
9-Aug,13,Chisago,139,1,RUSH CITY PUBLIC SCHOOL DISTRICT,0,All Schools,7,07E,GRAD,20090413,10,R,1,All Categories,All Students,N,71,54,17,76.1,23.9,55.3,7.4,20.5,3.1,10.5,1.2,52.9-57.7,0,0,0,0,0,0,0,71,904,9,Y,13,Chisago,0
9-Aug,14,Clay,146,1,BARNESVILLE PUBLIC SCHOOL DIST.,0,All Schools,4,4,GRAD,20090413,10,R,1,All Categories,All Students,N,59,49,10,83.1,16.9,58.8,7.7,21.6,3,12.2,1.6,55.7-61.9,0,0,0,0,0,0,0,64,777,9,Y,14,Clay,0
9-Aug,14,Clay,150,1,HAWLEY PUBLIC SCHOOL DISTRICT,0,All Schools,4,4,GRAD,20090413,10,R,1,All Categories,All Students,N,74,67,7,90.5,9.5,58.9,7.7,22.3,3.1,9.8,1.1,56.7-61.1,0,0,0,0,0,0,0,76,893,9,Y,14,Clay,0
9-Aug,14,Clay,152,1,MOORHEAD PUBLIC SCHOOL DISTRICT,0,All Schools,4,4,GRAD,20090413,10,R,1,All Categories,All Students,N,399,319,80,79.9,20.1,57.5,7.4,21.3,3,12.8,0.6,56.2-58.8,1,1,0,1,0,0,0,445,5351,9,Y,14,Clay,0
9-Aug,66,Rice,160,70,MINNESOTA STATE ACADEMIES,0,All Schools,10,10,GRAD,20090413,10,R,1,All Categories,All Students,Y,7,,,,,,,,,,,,,,,,,,,9,170,9,Y,66,Rice,0
9-Aug,15,Clearwater,162,1,BAGLEY PUBLIC SCHOOL DISTRICT,0,All Schools,1,2,GRAD,20090413,10,R,1,All Categories,All Students,N,85,64,21,75.3,24.7,55.9,7,21.3,2.9,11.1,1.2,53.5-58.3,0,0,0,0,0,0,1,97,976,9,Y,15,Clearwater,0
9-Aug,16,Cook,166,1,COOK COUNTY PUBLIC SCHOOLS,0,All Schools,3,3,GRAD,20090413,10,R,1,All Categories,All Students,N,53,43,10,81.1,18.9,57.9,7.6,21.3,3.1,12.1,1.7,54.6-61.2,0,0,0,0,0,0,0,56,535,9,Y,16,Cook,0
9-Aug,17,Cottonwood,173,1,MOUNTAIN LAKE PUBLIC SCHOOLS,0,All Schools,6,8,GRAD,20090413,10,R,1,All Categories,All Students,N,32,26,6,81.3,18.8,56.3,6.8,21.6,2.8,12,2.1,52.1-60.5,0,0,0,0,0,0,0,35,472,9,Y,17,Cottonwood,0
9-Aug,17,Cottonwood,177,1,WINDOM PUBLIC SCHOOL DISTRICT,0,All Schools,6,8,GRAD,20090413,10,R,1,All Categories,All Students,N,80,63,17,78.8,21.3,58.8,7.2,21.8,3.1,13.4,1.5,55.9-61.7,0,0,0,0,0,0,0,83,886,9,Y,17,Cottonwood,0
9-Aug,18,Crow Wing,181,1,BRAINERD PUBLIC SCHOOL DISTRICT,0,All Schools,5,5,GRAD,20090413,10,R,1,All Categories,All Students,N,516,434,82,84.1,15.9,58.8,7.6,21.7,3.2,11.8,0.5,57.8-59.8,0,0,0,1,0,0,1,549,6664,9,Y,18,Crow Wing,0
9-Aug,18,Crow Wing,182,1,CROSBY-IRONTON PUBLIC SCHOOL DIST.,0,All Schools,5,5,GRAD,20090413,10,R,1,All Categories,All Students,N,99,69,30,69.7,30.3,52.4,6.9,19.6,2.9,9.6,1,50.5-54.3,0,0,0,0,0,0,0,103,1192,9,Y,18,Crow Wing,0
9-Aug,18,Crow Wing,186,1,PEQUOT LAKES PUBLIC SCHOOLS,0,All Schools,5,5,GRAD,20090413,10,R,1,All Categories,All Students,N,118,98,20,83.1,16.9,58,7.5,21.5,3.2,11.1,1,56.0-60.0,0,0,0,0,0,0,0,111,1558,9,Y,18,Crow Wing,0
9-Aug,19,Dakota,191,1,BURNSVILLE PUBLIC SCHOOL DISTRICT,0,All Schools,11,11,GRAD,20090413,10,R,1,All Categories,All Students,N,799,646,153,80.9,19.1,57.4,7.3,21.3,3,13,0.5,56.5-58.3,3,0,0,3,0,0,3,814,9956,9,Y,19,Dakota,0
9-Aug,19,Dakota,192,1,FARMINGTON PUBLIC SCHOOL DISTRICT,0,All Schools,11,11,GRAD,20090413,10,R,1,All Categories,All Students,N,387,313,74,80.9,19.1,56.9,7.5,21.1,3.1,10.8,0.6,55.8-58.0,0,0,0,4,0,0,0,404,6264,9,Y,19,Dakota,0
9-Aug,19,Dakota,194,1,LAKEVILLE PUBLIC SCHOOL DISTRICT,0,All Schools,11,11,GRAD,20090413,10,R,1,All Categories,All Students,N,888,800,88,90.1,9.9,60.3,7.9,22.5,3.2,10.7,0.4,59.6-61.0,0,0,0,0,0,0,0,896,11177,9,Y,19,Dakota,0
9-Aug,19,Dakota,195,1,RANDOLPH PUBLIC SCHOOL DISTRICT,0,All Schools,11,11,GRAD,20090413,10,R,1,All Categories,All Students,N,52,40,12,76.9,23.1,54.5,7.3,20.4,3,10.2,1.4,51.7-57.3,0,0,0,0,0,0,0,47,538,9,Y,19,Dakota,0
9-Aug,19,Dakota,196,1,ROSEMOUNT-APPLE VALLEY-EAGAN,0,All Schools,11,11,GRAD,20090413,10,R,1,All Categories,All Students,N,2117,1841,276,87,13,59.9,7.7,22.2,3.2,11.3,0.2,59.4-60.4,10,1,2,12,0,0,0,2214,27253,9,Y,19,Dakota,0
9-Aug,19,Dakota,197,1,WEST ST. PAUL-MENDOTA HTS.-EAGAN,0,All Schools,11,11,GRAD,20090413,10,R,1,All Categories,All Students,N,345,271,74,78.6,21.4,56.8,7.4,21.2,2.9,11.9,0.6,55.5-58.1,2,1,0,1,0,0,0,370,4368,9,Y,19,Dakota,0
9-Aug,19,Dakota,199,1,INVER GROVE HEIGHTS SCHOOLS,0,All Schools,11,11,GRAD,20090413,10,R,1,All Categories,All Students,N,274,209,65,76.3,23.7,55.7,7.1,20.9,2.9,11.1,0.7,54.4-57.0,2,0,0,2,0,0,0,294,3691,9,Y,19,Dakota,0
9-Aug,19,Dakota,200,1,HASTINGS PUBLIC SCHOOL DISTRICT,0,All Schools,11,11,GRAD,20090413,10,R,1,All Categories,All Students,N,401,339,62,84.5,15.5,57.6,7.4,21.5,3.2,11.4,0.6,56.5-58.7,3,1,0,3,0,0,0,428,4853,9,Y,19,Dakota,0
9-Aug,20,Dodge,203,1,HAYFIELD PUBLIC SCHOOL DISTRICT,0,All Schools,10,10,GRAD,20090413,10,R,1,All Categories,All Students,N,67,48,19,71.6,28.4,54.6,7.1,20.5,2.8,10.8,1.3,52.0-57.2,1,0,0,0,0,0,0,73,816,9,Y,20,Dodge,0
9-Aug,20,Dodge,204,1,KASSON-MANTORVILLE SCHOOL DIST.,0,All Schools,10,10,GRAD,20090413,10,R,1,All Categories,All Students,N,137,122,15,89.1,10.9,59.8,7.8,22.3,3.1,10.7,0.9,58.0-61.6,0,0,0,0,0,0,0,140,2058,9,Y,20,Dodge,0
9-Aug,21,Douglas,206,1,ALEXANDRIA PUBLIC SCHOOL DISTRICT,0,All Schools,4,4,GRAD,20090413,10,R,1,All Categories,All Students,N,312,265,47,84.9,15.1,58.2,7.5,21.7,3.1,11.8,0.7,56.9-59.5,0,0,0,0,0,0,0,327,3786,9,Y,21,Douglas,0
9-Aug,21,Douglas,207,1,BRANDON PUBLIC SCHOOL DISTRICT,0,All Schools,4,4,GRAD,20090413,10,R,1,All Categories,All Students,N,17,16,1,94.1,5.9,59.4,7.8,22.8,3.2,7.8,1.9,55.7-63.1,0,0,0,0,0,0,0,21,281,9,Y,21,Douglas,0
9-Aug,21,Douglas,208,1,EVANSVILLE PUBLIC SCHOOL DISTRICT,0,All Schools,4,4,GRAD,20090413,10,R,1,All Categories,All Students,N,13,12,1,92.3,7.7,59.8,6.9,22.5,3.5,12.4,3.4,53.1-66.5,0,0,0,0,0,0,0,13,162,9,Y,21,Douglas,0
9-Aug,21,Douglas,213,1,OSAKIS PUBLIC SCHOOL DISTRICT,0,All Schools,4,4,GRAD,20090413,10,R,1,All Categories,All Students,N,54,46,8,85.2,14.8,57.4,7.4,21.7,3.1,9.8,1.3,54.8-60.0,0,0,0,0,0,0,0,56,765,9,Y,21,Douglas,0
9-Aug,55,Olmsted,227,1,CHATFIELD PUBLIC SCHOOLS,0,All Schools,10,10,GRAD,20090413,10,R,1,All Categories,All Students,N,79,58,21,73.4,26.6,55,7.1,20.9,2.7,10.9,1.2,52.6-57.4,0,0,0,0,0,0,0,78,882,9,Y,55,Olmsted,0
9-Aug,23,Fillmore,229,1,LANESBORO PUBLIC SCHOOL DISTRICT,0,All Schools,10,10,GRAD,20090413,10,R,1,All Categories,All Students,N,32,28,4,87.5,12.5,58.2,7.6,21.6,3.3,10.9,1.9,54.4-62.0,0,0,0,0,0,0,0,32,362,9,Y,23,Fillmore,0
9-Aug,23,Fillmore,238,1,MABEL-CANTON PUBLIC SCHOOL DIST.,0,All Schools,10,10,GRAD,20090413,10,R,1,All Categories,All Students,N,33,22,11,66.7,33.3,51.2,6.3,19.7,2.9,7.6,1.3,48.6-53.8,0,0,0,0,0,0,0,32,334,9,Y,23,Fillmore,0
9-Aug,23,Fillmore,239,1,RUSHFORD-PETERSON PUBLIC SCHLS.,0,All Schools,10,10,GRAD,20090413,10,R,1,All Categories,All Students,N,39,29,10,74.4,25.6,53.6,7,19.9,3,11.3,1.8,50.1-57.1,0,0,0,0,0,0,0,39,627,9,Y,23,Fillmore,0
9-Aug,24,Freeborn,241,1,ALBERT LEA PUBLIC SCHOOL DISTRICT,0,All Schools,10,10,GRAD,20090413,10,R,1,All Categories,All Students,N,267,212,55,79.4,20.6,55.4,7.1,20.9,3,11.2,0.7,54.1-56.7,3,0,0,0,0,0,0,281,3208,9,Y,24,Freeborn,0
9-Aug,24,Freeborn,242,1,ALDEN-CONGER PUBLIC SCHOOL DISTRICT,0,All Schools,10,10,GRAD,20090413,10,R,1,All Categories,All Students,N,25,15,10,60,40,49.8,6.6,18.1,2.7,13.3,2.7,44.6-55.0,0,0,0,0,0,0,0,25,461,9,Y,24,Freeborn,0
9-Aug,25,Goodhue,252,1,CANNON FALLS PUBLIC SCHOOL DISTRICT,0,All Schools,10,10,GRAD,20090413,10,R,1,All Categories,All Students,N,103,87,16,84.5,15.5,59.1,7.5,22,3.1,12.1,1.2,56.8-61.4,0,0,0,0,0,0,0,108,1255,9,Y,25,Goodhue,0
9-Aug,25,Goodhue,253,1,GOODHUE PUBLIC SCHOOL DISTRICT,0,All Schools,10,10,GRAD,20090413,10,R,1,All Categories,All Students,N,61,53,8,86.9,13.1,57.2,7.5,21.1,3.2,11.5,1.5,54.3-60.1,0,0,0,0,0,0,0,62,672,9,Y,25,Goodhue,0
9-Aug,25,Goodhue,255,1,PINE ISLAND PUBLIC SCHOOL DIST.,0,All Schools,10,10,GRAD,20090413,10,R,1,All Categories,All Students,N,90,77,13,85.6,14.4,58.6,7.6,22.1,3.2,9.7,1,56.6-60.6,0,0,0,1,0,0,0,98,1234,9,Y,25,Goodhue,0
9-Aug,25,Goodhue,256,1,RED WING PUBLIC SCHOOL DISTRICT,0,All Schools,10,10,GRAD,20090413,10,R,1,All Categories,All Students,N,234,180,54,76.9,23.1,57,7.4,20.9,3.1,13,0.9,55.3-58.7,0,0,0,1,0,0,0,246,2793,9,Y,25,Goodhue,0
9-Aug,26,Grant,261,1,ASHBY PUBLIC SCHOOL DISTRICT,0,All Schools,4,4,GRAD,20090413,10,R,1,All Categories,All Students,N,26,20,6,76.9,23.1,55.6,7,21,2.9,12,2.3,51.0-60.2,0,0,0,0,0,0,0,28,264,9,Y,26,Grant,0
9-Aug,26,Grant,264,1,HERMAN-NORCROSS SCHOOL DISTRICT,0,All Schools,4,4,GRAD,20090413,10,R,1,All Categories,All Students,Y,6,,,,,,,,,,,,,,,,,,,6,107,9,Y,26,Grant,0
9-Aug,27,Hennepin,270,1,HOPKINS PUBLIC SCHOOL DISTRICT,0,All Schools,11,11,GRAD,20090413,10,R,1,All Categories,All Students,N,576,499,77,86.6,13.4,59.9,7.7,22.2,3.1,12.2,0.5,58.9-60.9,6,1,0,2,0,0,0,601,7220,9,Y,27,Hennepin,0
9-Aug,27,Hennepin,271,1,BLOOMINGTON PUBLIC SCHOOL DISTRICT,0,All Schools,11,11,GRAD,20090413,10,R,1,All Categories,All Students,N,814,650,164,79.9,20.1,57.6,7.4,21.4,3,12.5,0.4,56.7-58.5,1,2,0,3,0,0,0,847,10237,9,Y,27,Hennepin,0
9-Aug,27,Hennepin,272,1,EDEN PRAIRIE PUBLIC SCHOOL DISTRICT,0,All Schools,11,11,GRAD,20090413,10,R,1,All Categories,All Students,N,839,744,95,88.7,11.3,59.9,7.8,22.3,3.2,11.2,0.4,59.1-60.7,3,1,0,0,0,0,0,861,9702,9,Y,27,Hennepin,0
9-Aug,27,Hennepin,273,1,EDINA PUBLIC SCHOOL DISTRICT,0,All Schools,11,11,GRAD,20090413,10,R,1,All Categories,All Students,N,598,566,32,94.6,5.4,65.2,8.3,23.7,3.4,11,0.4,64.3-66.1,0,0,0,0,0,1,0,618,7871,9,Y,27,Hennepin,0
9-Aug,27,Hennepin,276,1,MINNETONKA PUBLIC SCHOOL DISTRICT,0,All Schools,11,11,GRAD,20090413,10,R,1,All Categories,All Students,N,656,618,38,94.2,5.8,64.1,8.2,23.3,3.4,11.4,0.4,63.2-65.0,2,0,0,0,0,0,1,670,8142,9,Y,27,Hennepin,0
9-Aug,27,Hennepin,277,1,WESTONKA PUBLIC SCHOOL DISTRICT,0,All Schools,11,11,GRAD,20090413,10,R,1,All Categories,All Students,N,152,140,12,92.1,7.9,61.8,8,22.9,3.3,10.5,0.9,60.1-63.5,0,0,0,0,0,0,0,160,2177,9,Y,27,Hennepin,0
9-Aug,27,Hennepin,278,1,ORONO PUBLIC SCHOOL DISTRICT,0,All Schools,11,11,GRAD,20090413,10,R,1,All Categories,All Students,N,239,226,13,94.6,5.4,64.2,8.2,23.3,3.4,11.3,0.7,62.8-65.6,0,0,0,0,0,0,0,241,2705,9,Y,27,Hennepin,0
9-Aug,27,Hennepin,279,1,OSSEO PUBLIC SCHOOL DISTRICT,0,All Schools,11,11,GRAD,20090413,10,R,1,All Categories,All Students,N,1554,1235,319,79.5,20.5,57.1,7.3,21.4,3,11.9,0.3,56.5-57.7,8,2,0,3,0,0,0,1610,20638,9,Y,27,Hennepin,0
9-Aug,27,Hennepin,280,1,RICHFIELD PUBLIC SCHOOL DISTRICT,0,All Schools,11,11,GRAD,20090413,10,R,1,All Categories,All Students,N,306,195,111,63.7,36.3,52.1,6.5,19.4,2.7,14.5,0.8,50.5-53.7,0,0,1,7,0,0,0,358,4018,9,Y,27,Hennepin,0
9-Aug,27,Hennepin,281,1,ROBBINSDALE PUBLIC SCHOOL DISTRICT,0,All Schools,11,11,GRAD,20090413,10,R,1,All Categories,All Students,N,956,702,254,73.4,26.6,55.3,7,20.7,2.9,12.5,0.4,54.5-56.1,11,0,0,11,0,0,0,1051,12349,9,Y,27,Hennepin,0
9-Aug,27,Hennepin,282,1,ST. ANTHONY-NEW BRIGHTON SCHOOLS,0,All Schools,11,11,GRAD,20090413,10,R,1,All Categories,All Students,N,160,138,22,86.3,13.8,59.7,7.8,22.1,3.1,11.6,0.9,57.9-61.5,1,0,0,0,0,0,0,166,1702,9,Y,27,Hennepin,0
9-Aug,27,Hennepin,283,1,ST. LOUIS PARK PUBLIC SCHOOL DIST.,0,All Schools,11,11,GRAD,20090413,10,R,1,All Categories,All Students,N,303,239,64,78.9,21.1,57.7,7.4,21.3,3,13.1,0.8,56.2-59.2,0,0,0,1,0,0,0,332,4175,9,Y,27,Hennepin,0
9-Aug,27,Hennepin,284,1,WAYZATA PUBLIC SCHOOL DISTRICT,0,All Schools,11,11,GRAD,20090413,10,R,1,All Categories,All Students,N,810,745,65,92,8,62.9,8.1,23.1,3.3,11.2,0.4,62.1-63.7,0,0,0,1,0,0,0,863,10100,9,Y,27,Hennepin,0
9-Aug,27,Hennepin,286,1,BROOKLYN CENTER SCHOOL DISTRICT,0,All Schools,11,11,GRAD,20090413,10,R,1,All Categories,All Students,N,165,102,63,61.8,38.2,50.8,6.4,19.1,2.6,12.8,1,48.8-52.8,0,0,0,1,0,0,3,218,2001,9,Y,27,Hennepin,0
9-Aug,27,Hennepin,287,6,INTERMEDIATE SCHOOL DISTRICT 287,0,All Schools,11,11,GRAD,20090413,10,R,1,All Categories,All Students,N,170,71,99,41.8,58.2,45,5.7,16.5,2.1,12.3,0.9,43.2-46.8,7,1,0,7,0,3,3,145,1672,9,Y,27,Hennepin,0
9-Aug,28,Houston,294,1,HOUSTON PUBLIC SCHOOL DISTRICT,0,All Schools,10,10,GRAD,20090413,10,R,1,All Categories,All Students,N,107,83,24,77.6,22.4,56,7.4,20.8,3,11.7,1.1,53.8-58.2,13,0,1,0,0,0,0,116,1476,9,Y,28,Houston,0
9-Aug,28,Houston,297,1,SPRING GROVE SCHOOL DISTRICT,0,All Schools,10,10,GRAD,20090413,10,R,1,All Categories,All Students,N,28,23,5,82.1,17.9,56.3,7.4,21.1,3.2,12.2,2.3,51.8-60.8,0,0,0,0,0,0,0,28,330,9,Y,28,Houston,0
9-Aug,28,Houston,299,1,CALEDONIA PUBLIC SCHOOL DISTRICT,0,All Schools,10,10,GRAD,20090413,10,R,1,All Categories,All Students,N,97,83,14,85.6,14.4,57.9,7.6,21.6,3.2,10.1,1,55.9-59.9,0,0,0,0,0,0,0,98,762,9,Y,28,Houston,0
9-Aug,28,Houston,300,1,LACRESCENT-HOKAH SCHOOL DISTRICT,0,All Schools,10,10,GRAD,20090413,10,R,1,All Categories,All Students,N,131,116,15,88.5,11.5,58.4,7.7,22,3.1,9.6,0.8,56.8-60.0,0,0,0,0,0,0,1,134,1342,9,Y,28,Houston,0
9-Aug,29,Hubbard,306,1,LAPORTE PUBLIC SCHOOL DISTRICT,0,All Schools,1,2,GRAD,20090413,10,R,1,All Categories,All Students,N,17,10,7,58.8,41.2,49.2,6.2,18,2.7,15.7,3.8,41.8-56.6,0,0,0,0,0,0,0,18,281,9,Y,29,Hubbard,0
9-Aug,29,Hubbard,308,1,NEVIS PUBLIC SCHOOL DISTRICT,0,All Schools,1,2,GRAD,20090413,10,R,1,All Categories,All Students,N,38,32,6,84.2,15.8,57.3,7.6,21.5,3.2,11.7,1.9,53.6-61.0,0,0,0,1,0,0,0,45,559,9,Y,29,Hubbard,0
9-Aug,29,Hubbard,309,1,PARK RAPIDS PUBLIC SCHOOL DISTRICT,0,All Schools,1,2,GRAD,20090413,10,R,1,All Categories,All Students,N,102,78,24,76.5,23.5,54.8,7,20.5,3,12,1.2,52.5-57.1,0,0,0,0,0,0,1,109,1502,9,Y,29,Hubbard,0
9-Aug,30,Isanti,314,1,BRAHAM PUBLIC SCHOOL DISTRICT,0,All Schools,7,07E,GRAD,20090413,10,R,1,All Categories,All Students,N,70,52,18,74.3,25.7,55.3,7.2,20.4,3.1,11.7,1.4,52.6-58.0,0,0,0,0,0,0,0,66,932,9,Y,30,Isanti,0
9-Aug,31,Itasca,316,1,GREENWAY PUBLIC SCHOOL DISTRICT,0,All Schools,3,3,GRAD,20090413,10,R,1,All Categories,All Students,N,78,63,15,80.8,19.2,55.7,7.2,20.9,2.9,13.2,1.5,52.8-58.6,0,0,0,0,0,0,0,80,1132,9,Y,31,Itasca,0
9-Aug,31,Itasca,317,1,DEER RIVER PUBLIC SCHOOL DISTRICT,0,All Schools,3,3,GRAD,20090413,10,R,1,All Categories,All Students,N,75,65,10,86.7,13.3,56.4,7.3,21.2,3,10.7,1.2,54.0-58.8,0,0,0,0,0,0,0,83,878,9,Y,31,Itasca,0
9-Aug,31,Itasca,318,1,GRAND RAPIDS PUBLIC SCHOOL DISTRICT,0,All Schools,3,3,GRAD,20090413,10,R,1,All Categories,All Students,N,316,230,86,72.8,27.2,54.3,7.1,20.3,2.8,11.3,0.6,53.1-55.5,1,0,0,1,0,0,0,334,3825,9,Y,31,Itasca,0
9-Aug,31,Itasca,319,1,NASHWAUK-KEEWATIN SCHOOL DISTRICT,0,All Schools,3,3,GRAD,20090413,10,R,1,All Categories,All Students,N,45,31,14,68.9,31.1,55.2,7,20.2,2.9,13.9,2.1,51.1-59.3,1,0,0,2,0,0,0,51,622,9,Y,31,Itasca,0
9-Aug,32,Jackson,330,1,HERON LAKE-OKABENA SCHOOL DISTRICT,0,All Schools,6,8,GRAD,20090413,10,R,1,All Categories,All Students,N,29,21,8,72.4,27.6,54,7.1,20.3,3.1,8.6,1.6,50.9-57.1,0,0,0,0,0,0,0,31,337,9,Y,32,Jackson,0
9-Aug,33,Kanabec,332,1,MORA PUBLIC SCHOOL DISTRICT,0,All Schools,7,07E,GRAD,20090413,10,R,1,All Categories,All Students,N,148,117,31,79.1,20.9,56.5,7.3,20.9,3.1,12.3,1,54.5-58.5,0,0,0,0,0,0,0,153,1840,9,Y,33,Kanabec,0
9-Aug,33,Kanabec,333,1,OGILVIE PUBLIC SCHOOL DISTRICT,0,All Schools,7,07E,GRAD,20090413,10,R,1,All Categories,All Students,N,43,27,16,62.8,37.2,52.4,6.5,19.7,2.9,12.7,1.9,48.6-56.2,0,0,0,0,0,0,1,46,617,9,Y,33,Kanabec,0
9-Aug,34,Kandiyohi,345,1,NEW LONDON-SPICER SCHOOL DISTRICT,0,All Schools,6,06E,GRAD,20090413,10,R,1,All Categories,All Students,N,133,109,24,82,18,57.2,7.3,21.5,3.1,10.8,0.9,55.4-59.0,0,0,0,0,0,0,0,139,1506,9,Y,34,Kandiyohi,0
9-Aug,34,Kandiyohi,347,1,WILLMAR PUBLIC SCHOOL DISTRICT,0,All Schools,6,06E,GRAD,20090413,10,R,1,All Categories,All Students,N,376,258,118,68.6,31.4,53.8,6.7,20,2.8,14.4,0.7,52.3-55.3,3,0,1,0,0,2,0,384,4112,9,Y,34,Kandiyohi,0
9-Aug,35,Kittson,356,1,LANCASTER PUBLIC SCHOOL DISTRICT,0,All Schools,1,1,GRAD,20090413,10,R,1,All Categories,All Students,Y,9,,,,,,,,,,,,,,,,,,,10,194,9,Y,35,Kittson,0
9-Aug,36,Koochiching,361,1,INTERNATIONAL FALLS SCHOOL DISTRICT,0,All Schools,3,3,GRAD,20090413,10,R,1,All Categories,All Students,N,119,88,31,73.9,26.1,55.7,7.3,20.7,3,11.6,1.1,53.6-57.8,0,0,3,0,0,0,0,132,1262,9,Y,36,Koochiching,0
9-Aug,36,Koochiching,362,1,LITTLEFORK-BIG FALLS SCHOOL DIST.,0,All Schools,3,3,GRAD,20090413,10,R,1,All Categories,All Students,N,31,19,12,61.3,38.7,51.9,6.5,19.3,2.8,12,2.1,47.7-56.1,0,0,0,0,0,0,0,30,345,9,Y,36,Koochiching,0
9-Aug,36,Koochiching,363,1,SOUTH KOOCHICHING SCHOOL DISTRICT,0,All Schools,1,3,GRAD,20090413,10,R,1,All Categories,All Students,N,24,21,3,87.5,12.5,58.3,7.2,21.9,3.1,12.1,2.5,53.5-63.1,0,0,0,0,0,0,0,30,375,9,Y,36,Koochiching,0
9-Aug,37,Lac qui Parle,378,1,DAWSON-BOYD PUBLIC SCHOOL DISTRICT,0,All Schools,6,06W,GRAD,20090413,10,R,1,All Categories,All Students,N,44,37,7,84.1,15.9,56.6,7.2,21.1,3.1,13,2,52.7-60.5,0,0,0,0,0,0,0,47,522,9,Y,37,Lac qui Parle,0
9-Aug,38,Lake,381,1,LAKE SUPERIOR PUBLIC SCHOOL DIST.,0,All Schools,3,3,GRAD,20090413,10,R,1,All Categories,All Students,N,120,97,23,80.8,19.2,57.7,7.7,21.4,3,11.5,1.1,55.6-59.8,0,0,0,0,0,0,0,125,1406,9,Y,38,Lake,0
9-Aug,39,Lake of the Woods,390,1,LAKE OF THE WOODS SCHOOL DISTRICT,0,All Schools,1,2,GRAD,20090413,10,R,1,All Categories,All Students,N,41,32,9,78,22,57.3,7.3,21,3.1,14.2,2.2,52.9-61.7,0,0,0,0,0,0,0,42,528,9,Y,39,Lake of the Woods,0
9-Aug,40,Le Sueur,391,1,CLEVELAND PUBLIC SCHOOL DISTRICT,0,All Schools,9,9,GRAD,20090413,10,R,1,All Categories,All Students,N,36,26,10,72.2,27.8,53.1,7.1,19.8,3,9,1.5,50.2-56.0,0,0,0,0,0,0,1,34,406,9,Y,40,Le Sueur,0
9-Aug,40,Le Sueur,392,1,LECENTER PUBLIC SCHOOL DISTRICT,0,All Schools,9,9,GRAD,20090413,10,R,1,All Categories,All Students,N,47,36,11,76.6,23.4,57.9,7.2,21.3,3.2,13.1,1.9,54.2-61.6,0,0,0,1,0,0,0,54,670,9,Y,40,Le Sueur,0
9-Aug,40,Le Sueur,394,1,MONTGOMERY-LONSDALE SCHOOL DISTRICT,0,All Schools,9,9,GRAD,20090413,10,R,1,All Categories,All Students,N,82,70,12,85.4,14.6,56.7,7.4,21.3,3.1,9.9,1.1,54.6-58.8,0,0,0,0,0,0,0,86,1066,9,Y,40,Le Sueur,0
9-Aug,3,Becker,397,52,LAKE AGASSIZ SPECIAL ED. COOP.,0,All Schools,4,4,GRAD,20090413,10,R,1,All Categories,All Students,Y,1,,,,,,,,,,,,,,,,,,,2,5,9,Y,3,Becker,0
9-Aug,41,Lincoln,403,1,IVANHOE PUBLIC SCHOOL DISTRICT,0,All Schools,6,8,GRAD,20090413,10,R,1,All Categories,All Students,N,28,21,7,75,25,54.8,6.9,20.5,3.1,11.5,2.2,50.6-59.0,0,0,0,0,0,0,0,29,151,9,Y,41,Lincoln,0
9-Aug,42,Lyon,413,1,MARSHALL PUBLIC SCHOOL DISTRICT,0,All Schools,6,8,GRAD,20090413,10,R,1,All Categories,All Students,N,197,156,41,79.2,20.8,57.2,7.2,21.3,3,13.3,1,55.3-59.1,0,0,0,0,0,0,0,215,2170,9,Y,42,Lyon,0
9-Aug,42,Lyon,414,1,MINNEOTA PUBLIC SCHOOL DISTRICT,0,All Schools,6,8,GRAD,20090413,10,R,1,All Categories,All Students,N,52,45,7,86.5,13.5,55.7,7.2,21.3,3,10,1.4,53.0-58.4,0,0,0,0,0,0,0,52,447,9,Y,42,Lyon,0
9-Aug,42,Lyon,417,1,TRACY PUBLIC SCHOOL DISTRICT,0,All Schools,6,8,GRAD,20090413,10,R,1,All Categories,All Students,N,74,65,9,87.8,12.2,57,7.3,21.5,3.2,9.8,1.1,54.8-59.2,0,0,0,0,0,0,0,77,758,9,Y,42,Lyon,0
9-Aug,43,McLeod,423,1,HUTCHINSON PUBLIC SCHOOL DISTRICT,0,All Schools,6,06E,GRAD,20090413,10,R,1,All Categories,All Students,N,229,185,44,80.8,19.2,57.7,7.4,21.6,3,11.4,0.8,56.2-59.2,0,0,0,0,0,0,0,241,2927,9,Y,43,McLeod,0
9-Aug,43,McLeod,424,1,LESTER PRAIRIE PUBLIC SCHOOL DIST.,0,All Schools,6,06E,GRAD,20090413,10,R,1,All Categories,All Students,N,25,20,5,80,20,56.1,7.3,21.4,3,8.6,1.7,52.7-59.5,0,0,0,0,0,0,0,25,435,9,Y,43,McLeod,0
9-Aug,44,Mahnomen,432,1,MAHNOMEN PUBLIC SCHOOL DISTRICT,0,All Schools,1,2,GRAD,20090413,10,R,1,All Categories,All Students,N,48,33,15,68.8,31.3,53.3,7.3,20,2.9,10.2,1.5,50.4-56.2,2,0,0,0,0,0,0,56,609,9,Y,44,Mahnomen,0
9-Aug,44,Mahnomen,435,1,WAUBUN PUBLIC SCHOOL DISTRICT,0,All Schools,1,2,GRAD,20090413,10,R,1,All Categories,All Students,N,42,23,19,54.8,45.2,49.5,5.7,18.5,2.8,13.1,2,45.5-53.5,0,0,0,0,0,0,0,43,611,9,Y,44,Mahnomen,0
9-Aug,45,Marshall,441,1,MARSHALL COUNTY CENTRAL SCHOOLS,0,All Schools,1,1,GRAD,20090413,10,R,1,All Categories,All Students,N,29,21,8,72.4,27.6,53,6.2,20.1,3,12.3,2.3,48.5-57.5,0,0,0,0,0,0,0,29,389,9,Y,45,Marshall,0
9-Aug,45,Marshall,447,1,GRYGLA PUBLIC SCHOOL DISTRICT,0,All Schools,1,1,GRAD,20090413,10,R,1,All Categories,All Students,N,23,17,6,73.9,26.1,53.9,6.6,21.4,2.8,7.5,1.6,50.8-57.0,0,0,0,0,0,0,0,24,194,9,Y,45,Marshall,0
9-Aug,46,Martin,458,1,TRUMAN PUBLIC SCHOOL DISTRICT,0,All Schools,9,9,GRAD,20090413,10,R,1,All Categories,All Students,N,34,29,5,85.3,14.7,55.3,7.4,20.9,3.1,8.6,1.5,52.4-58.2,0,0,0,0,0,0,0,36,308,9,Y,46,Martin,0
9-Aug,47,Meeker,463,1,EDEN VALLEY-WATKINS SCHOOL DISTRICT,0,All Schools,6,06E,GRAD,20090413,10,R,1,All Categories,All Students,N,78,65,13,83.3,16.7,58.2,7.3,22,3.1,10.6,1.2,55.8-60.6,0,0,0,0,0,0,0,78,842,9,Y,47,Meeker,0
9-Aug,47,Meeker,465,1,LITCHFIELD PUBLIC SCHOOL DISTRICT,0,All Schools,6,06E,GRAD,20090413,10,R,1,All Categories,All Students,N,133,113,20,85,15,58.5,7.6,21.9,3.1,10.9,0.9,56.7-60.3,0,0,0,0,0,0,0,138,1757,9,Y,47,Meeker,0
9-Aug,47,Meeker,466,1,DASSEL-COKATO PUBLIC SCHOOL DIST.,0,All Schools,6,07W,GRAD,20090413,10,R,1,All Categories,All Students,N,157,136,21,86.6,13.4,58.7,7.6,22.1,3.2,10.5,0.8,57.1-60.3,0,0,0,0,0,0,0,163,2332,9,Y,47,Meeker,0
9-Aug,48,Mille Lacs,473,1,ISLE PUBLIC SCHOOL DISTRICT,0,All Schools,7,07E,GRAD,20090413,10,R,1,All Categories,All Students,N,36,20,16,55.6,44.4,47.3,6.5,17.1,2.8,9.9,1.6,44.1-50.5,1,0,0,0,0,0,0,37,546,9,Y,48,Mille Lacs,0
9-Aug,48,Mille Lacs,477,1,PRINCETON PUBLIC SCHOOL DISTRICT,0,All Schools,7,07E,GRAD,20090413,10,R,1,All Categories,All Students,N,255,199,56,78,22,54.7,7.1,20.6,3,10.4,0.7,53.4-56.0,1,0,0,0,0,0,0,272,3439,9,Y,48,Mille Lacs,0
9-Aug,48,Mille Lacs,480,1,ONAMIA PUBLIC SCHOOL DISTRICT,0,All Schools,7,07E,GRAD,20090413,10,R,1,All Categories,All Students,N,52,33,19,63.5,36.5,53.5,6.7,20,2.8,12.5,1.7,50.1-56.9,1,0,0,0,0,0,0,74,740,9,Y,48,Mille Lacs,0
9-Aug,49,Morrison,482,1,LITTLE FALLS PUBLIC SCHOOL DISTRICT,0,All Schools,5,5,GRAD,20090413,10,R,1,All Categories,All Students,N,204,141,63,69.1,30.9,54.9,6.9,20.3,2.9,13.1,0.9,53.1-56.7,1,0,0,0,0,0,0,212,2477,9,Y,49,Morrison,0
9-Aug,49,Morrison,484,1,PIERZ PUBLIC SCHOOL DISTRICT,0,All Schools,5,5,GRAD,20090413,10,R,1,All Categories,All Students,N,88,67,21,76.1,23.9,57.1,7.5,21.5,3,11.1,1.2,54.8-59.4,0,0,1,0,0,0,0,90,1035,9,Y,49,Morrison,0
9-Aug,49,Morrison,485,1,ROYALTON PUBLIC SCHOOL DISTRICT,0,All Schools,5,5,GRAD,20090413,10,R,1,All Categories,All Students,N,60,49,11,81.7,18.3,55.3,7.4,20.9,3,8.8,1.1,53.1-57.5,0,0,0,0,0,0,0,64,742,9,Y,49,Morrison,0
9-Aug,49,Morrison,486,1,SWANVILLE PUBLIC SCHOOL DISTRICT,0,All Schools,5,5,GRAD,20090413,10,R,1,All Categories,All Students,N,31,19,12,61.3,38.7,51.4,6.3,19.2,2.5,14.1,2.5,46.4-56.4,0,0,0,0,0,0,0,28,343,9,Y,49,Morrison,0
9-Aug,49,Morrison,487,1,UPSALA PUBLIC SCHOOL DISTRICT,0,All Schools,5,5,GRAD,20090413,10,R,1,All Categories,All Students,N,37,30,7,81.1,18.9,55.7,7.3,21.3,3,9.4,1.5,52.7-58.7,0,0,0,0,0,0,0,38,400,9,Y,49,Morrison,0
9-Aug,50,Mower,492,1,AUSTIN PUBLIC SCHOOL DISTRICT,0,All Schools,10,10,GRAD,20090413,10,R,1,All Categories,All Students,N,309,222,87,71.8,28.2,54.9,6.9,20.5,2.9,12.9,0.7,53.5-56.3,2,1,0,0,0,0,12,348,4257,9,Y,50,Mower,0
9-Aug,50,Mower,495,1,GRAND MEADOW PUBLIC SCHOOL DISTRICT,0,All Schools,10,10,GRAD,20090413,10,R,1,All Categories,All Students,N,23,18,5,78.3,21.7,53.1,6.3,20.3,3.1,9.9,2.1,49.0-57.2,0,0,0,0,0,0,0,24,376,9,Y,50,Mower,0
9-Aug,50,Mower,497,1,LYLE PUBLIC SCHOOL DISTRICT,0,All Schools,10,10,GRAD,20090413,10,R,1,All Categories,All Students,N,12,9,3,75,25,51.6,6.6,19.8,2.8,9.4,2.7,46.3-56.9,0,0,0,0,0,0,0,16,233,9,Y,50,Mower,0
9-Aug,50,Mower,499,1,LEROY PUBLIC SCHOOL DISTRICT,0,All Schools,10,10,GRAD,20090413,10,R,1,All Categories,All Students,N,23,20,3,87,13,60.1,7.8,22.6,3,10.9,2.3,55.7-64.5,0,0,0,0,0,0,0,24,296,9,Y,50,Mower,0
9-Aug,50,Mower,500,1,SOUTHLAND PUBLIC SCHOOL DISTRICT,0,All Schools,10,10,GRAD,20090413,10,R,1,All Categories,All Students,N,59,47,12,79.7,20.3,55.6,7.2,21.1,2.9,10.3,1.3,53.0-58.2,0,0,0,0,0,0,0,62,562,9,Y,50,Mower,0
9-Aug,51,Murray,505,1,FULDA PUBLIC SCHOOL DISTRICT,0,All Schools,6,8,GRAD,20090413,10,R,1,All Categories,All Students,N,37,30,7,81.1,18.9,55.1,7.2,20.8,3,10.2,1.7,51.8-58.4,0,0,0,0,0,0,0,38,370,9,Y,51,Murray,0
9-Aug,52,Nicollet,507,1,NICOLLET PUBLIC SCHOOL DISTRICT,0,All Schools,9,9,GRAD,20090413,10,R,1,All Categories,All Students,N,20,15,5,75,25,52.3,6.7,19.6,3,8.9,2,48.4-56.2,0,0,0,0,0,0,0,19,308,9,Y,52,Nicollet,0
9-Aug,52,Nicollet,508,1,ST. PETER PUBLIC SCHOOL DISTRICT,0,All Schools,9,9,GRAD,20090413,10,R,1,All Categories,All Students,N,125,93,32,74.4,25.6,57.9,7.3,21.5,3.2,11.9,1.1,55.8-60.0,0,0,0,0,0,0,0,140,1792,9,Y,52,Nicollet,0
9-Aug,53,Nobles,511,1,ADRIAN PUBLIC SCHOOL DISTRICT,0,All Schools,6,8,GRAD,20090413,10,R,1,All Categories,All Students,N,43,41,2,95.3,4.7,60.5,7.8,22.7,3.3,9.8,1.5,57.6-63.4,0,0,0,0,0,0,0,46,617,9,Y,53,Nobles,0
9-Aug,53,Nobles,514,1,ELLSWORTH PUBLIC SCHOOL DISTRICT,0,All Schools,6,8,GRAD,20090413,10,R,1,All Categories,All Students,N,17,14,3,82.4,17.6,57.2,7.5,21.6,3,10.2,2.5,52.3-62.1,0,0,0,0,0,0,0,18,181,9,Y,53,Nobles,0
9-Aug,53,Nobles,516,1,ROUND LAKE PUBLIC SCHOOL DISTRICT,0,All Schools,6,8,GRAD,20090413,10,R,1,All Categories,All Students,N,22,12,10,54.5,45.5,51.5,6.4,18,2.9,15.7,3.4,44.9-58.1,0,0,0,0,0,0,0,26,121,9,Y,53,Nobles,0
9-Aug,53,Nobles,518,1,WORTHINGTON PUBLIC SCHOOL DISTRICT,0,All Schools,6,8,GRAD,20090413,10,R,1,All Categories,All Students,N,169,97,72,57.4,42.6,51.6,6.2,19.3,2.6,14.3,1.1,49.4-53.8,1,1,0,0,0,0,0,176,2271,9,Y,53,Nobles,0
9-Aug,55,Olmsted,531,1,BYRON PUBLIC SCHOOL DISTRICT,0,All Schools,10,10,GRAD,20090413,10,R,1,All Categories,All Students,N,133,123,10,92.5,7.5,61.5,7.8,22.9,3.3,10.6,0.9,59.7-63.3,0,0,0,0,0,0,0,137,1671,9,Y,55,Olmsted,0
9-Aug,55,Olmsted,533,1,DOVER-EYOTA PUBLIC SCHOOL DISTRICT,0,All Schools,10,10,GRAD,20090413,10,R,1,All Categories,All Students,N,71,61,10,85.9,14.1,59.4,7.8,22,3,11.2,1.3,56.8-62.0,0,0,0,0,0,0,0,77,1130,9,Y,55,Olmsted,0
9-Aug,55,Olmsted,534,1,STEWARTVILLE PUBLIC SCHOOL DISTRICT,0,All Schools,10,10,GRAD,20090413,10,R,1,All Categories,All Students,N,136,112,24,82.4,17.6,58.1,7.5,21.7,3.1,11.1,1,56.2-60.0,0,0,0,0,0,0,0,139,1727,9,Y,55,Olmsted,0
9-Aug,55,Olmsted,535,1,ROCHESTER PUBLIC SCHOOL DISTRICT,0,All Schools,10,10,GRAD,20090413,10,R,1,All Categories,All Students,N,1138,923,215,81.1,18.9,58.6,7.4,21.7,3.1,13.1,0.4,57.8-59.4,4,1,2,3,0,1,8,1221,16019,9,Y,55,Olmsted,0
9-Aug,56,Otter Tail,542,1,BATTLE LAKE PUBLIC SCHOOL DISTRICT,0,All Schools,4,4,GRAD,20090413,10,R,1,All Categories,All Students,N,45,38,7,84.4,15.6,60.7,7.9,22.2,3.2,12.1,1.8,57.2-64.2,0,0,0,0,0,0,0,45,502,9,Y,56,Otter Tail,0
9-Aug,56,Otter Tail,544,1,FERGUS FALLS PUBLIC SCHOOL DISTRICT,0,All Schools,4,4,GRAD,20090413,10,R,1,All Categories,All Students,N,262,204,58,77.9,22.1,56,7.3,20.7,3,12.3,0.8,54.5-57.5,0,0,0,1,0,0,1,281,2575,9,Y,56,Otter Tail,0
9-Aug,56,Otter Tail,545,1,HENNING PUBLIC SCHOOL DISTRICT,0,All Schools,4,4,GRAD,20090413,10,R,1,All Categories,All Students,N,25,20,5,80,20,57.7,7.5,21.4,3.1,10.8,2.2,53.5-61.9,0,0,0,0,0,0,0,27,364,9,Y,56,Otter Tail,0
9-Aug,56,Otter Tail,547,1,PARKERS PRAIRIE PUBLIC SCHOOL DIST.,0,All Schools,4,4,GRAD,20090413,10,R,1,All Categories,All Students,N,52,35,17,67.3,32.7,53.5,6.7,20.1,2.8,12.7,1.8,50.0-57.0,0,0,0,0,0,0,0,52,552,9,Y,56,Otter Tail,0
9-Aug,56,Otter Tail,548,1,PELICAN RAPIDS PUBLIC SCHOOL DIST.,0,All Schools,4,4,GRAD,20090413,10,R,1,All Categories,All Students,N,80,58,22,72.5,27.5,53.1,6.5,20,2.9,14.2,1.6,50.0-56.2,0,0,0,0,0,0,0,85,950,9,Y,56,Otter Tail,0
9-Aug,56,Otter Tail,549,1,PERHAM PUBLIC SCHOOL DISTRICT,0,All Schools,4,4,GRAD,20090413,10,R,1,All Categories,All Students,N,136,103,33,75.7,24.3,57,7.3,21.3,3,12.3,1.1,54.9-59.1,0,0,0,0,0,0,0,142,1452,9,Y,56,Otter Tail,0
9-Aug,56,Otter Tail,550,1,UNDERWOOD PUBLIC SCHOOL DISTRICT,0,All Schools,4,4,GRAD,20090413,10,R,1,All Categories,All Students,N,40,37,3,92.5,7.5,61.8,7.7,23,3.3,12.1,1.9,58.0-65.6,0,0,0,0,0,0,0,41,542,9,Y,56,Otter Tail,0
9-Aug,56,Otter Tail,553,1,NEW YORK MILLS PUBLIC SCHOOL DIST.,0,All Schools,4,4,GRAD,20090413,10,R,1,All Categories,All Students,N,52,42,10,80.8,19.2,57.1,7.5,21.4,3.1,10.1,1.4,54.4-59.8,0,0,0,0,0,0,0,52,710,9,Y,56,Otter Tail,0
9-Aug,57,Pennington,561,1,GOODRIDGE PUBLIC SCHOOL DISTRICT,0,All Schools,1,1,GRAD,20090413,10,R,1,All Categories,All Students,N,13,10,3,76.9,23.1,55.6,7.5,19.9,3,12.3,3.4,48.9-62.3,0,0,0,0,0,1,0,14,192,9,Y,57,Pennington,0
9-Aug,57,Pennington,564,1,THIEF RIVER FALLS SCHOOL DISTRICT,0,All Schools,1,1,GRAD,20090413,10,R,1,All Categories,All Students,N,143,106,37,74.1,25.9,54.7,7.2,20.5,2.9,10.5,0.9,53.0-56.4,0,0,0,1,0,0,0,166,1964,9,Y,57,Pennington,0
9-Aug,58,Pine,577,1,WILLOW RIVER PUBLIC SCHOOL DISTRICT,0,All Schools,7,07E,GRAD,20090413,10,R,1,All Categories,All Students,N,32,26,6,81.3,18.8,56.4,7.3,21.3,3.2,9.9,1.7,53.0-59.8,0,0,0,1,0,0,0,34,450,9,Y,58,Pine,0
9-Aug,58,Pine,578,1,PINE CITY PUBLIC SCHOOL DISTRICT,0,All Schools,7,07E,GRAD,20090413,10,R,1,All Categories,All Students,N,131,107,24,81.7,18.3,58.6,7.4,21.5,3.2,13.1,1.1,56.4-60.8,0,0,0,0,0,0,0,131,1617,9,Y,58,Pine,0
9-Aug,59,Pipestone,581,1,EDGERTON PUBLIC SCHOOL DISTRICT,0,All Schools,6,8,GRAD,20090413,10,R,1,All Categories,All Students,N,28,23,5,82.1,17.9,56,7.1,21.5,3.2,8.9,1.7,52.7-59.3,0,0,0,0,0,0,0,28,308,9,Y,59,Pipestone,0
9-Aug,60,Polk,592,1,CLIMAX PUBLIC SCHOOL DISTRICT,0,All Schools,1,1,GRAD,20090413,10,R,1,All Categories,All Students,N,17,10,7,58.8,41.2,50.5,6.4,19.1,2.3,11.3,2.7,45.1-55.9,0,0,0,0,0,0,0,20,152,9,Y,60,Polk,0
9-Aug,60,Polk,593,1,CROOKSTON PUBLIC SCHOOL DISTRICT,0,All Schools,1,1,GRAD,20090413,10,R,1,All Categories,All Students,N,119,91,28,76.5,23.5,54.3,7,20.3,2.8,11.8,1.1,52.2-56.4,0,0,0,0,0,0,0,130,1308,9,Y,60,Polk,0
9-Aug,60,Polk,595,1,EAST GRAND FORKS PUBLIC SCHOOL DIST,0,All Schools,1,1,GRAD,20090413,10,R,1,All Categories,All Students,N,135,101,34,74.8,25.2,54.5,6.9,20.9,2.9,9.8,0.8,52.9-56.1,0,0,0,0,0,0,0,147,1734,9,Y,60,Polk,0
9-Aug,60,Polk,599,1,FERTILE-BELTRAMI SCHOOL DISTRICT,0,All Schools,1,1,GRAD,20090413,10,R,1,All Categories,All Students,N,33,28,5,84.8,15.2,59.2,7.4,22.2,3.3,10.7,1.9,55.6-62.8,0,0,0,0,0,0,0,35,465,9,Y,60,Polk,0
9-Aug,60,Polk,600,1,FISHER PUBLIC SCHOOL DISTRICT,0,All Schools,1,1,GRAD,20090413,10,R,1,All Categories,All Students,N,20,14,6,70,30,55.4,7.3,20.8,2.6,12.1,2.7,50.1-60.7,0,0,0,0,0,0,0,20,272,9,Y,60,Polk,0
9-Aug,60,Polk,601,1,FOSSTON PUBLIC SCHOOL DISTRICT,0,All Schools,1,1,GRAD,20090413,10,R,1,All Categories,All Students,N,56,42,14,75,25,55.2,7,20.7,3,12.4,1.7,52.0-58.4,0,0,0,0,0,0,0,56,658,9,Y,60,Polk,0
9-Aug,62,Ramsey,621,1,MOUNDS VIEW PUBLIC SCHOOL DISTRICT,0,All Schools,11,11,GRAD,20090413,10,R,1,All Categories,All Students,N,858,750,108,87.4,12.6,60.8,7.7,22.4,3.2,12.3,0.4,60.0-61.6,3,0,0,0,0,0,0,871,9909,9,Y,62,Ramsey,0
9-Aug,62,Ramsey,622,1,NORTH ST PAUL-MAPLEWOOD SCHOOL DIST,0,All Schools,11,11,GRAD,20090413,10,R,1,All Categories,All Students,N,933,721,212,77.3,22.7,55.8,7.2,20.9,2.9,11.6,0.4,55.1-56.5,2,0,1,3,0,0,1,981,10733,9,Y,62,Ramsey,0
9-Aug,62,Ramsey,623,1,ROSEVILLE PUBLIC SCHOOL DISTRICT,0,All Schools,11,11,GRAD,20090413,10,R,1,All Categories,All Students,N,545,455,90,83.5,16.5,60.1,7.6,22,3.1,13.8,0.6,58.9-61.3,3,0,0,0,0,0,0,567,6457,9,Y,62,Ramsey,0
9-Aug,62,Ramsey,624,1,WHITE BEAR LAKE SCHOOL DISTRICT,0,All Schools,11,11,GRAD,20090413,10,R,1,All Categories,All Students,N,648,531,117,81.9,18.1,57.4,7.5,21.3,3.1,11.3,0.4,56.5-58.3,6,0,1,0,0,0,0,670,8222,9,Y,62,Ramsey,0
9-Aug,62,Ramsey,625,1,ST. PAUL PUBLIC SCHOOL DISTRICT,0,All Schools,11,11,GRAD,20090413,10,R,1,All Categories,All Students,N,2720,1475,1245,54.2,45.8,49.3,6,18.4,2.5,13,0.2,48.8-49.8,21,3,2,34,0,0,3,3016,37875,9,Y,62,Ramsey,0
9-Aug,63,Red Lake,627,1,OKLEE PUBLIC SCHOOL DISTRICT,0,All Schools,1,1,GRAD,20090413,10,R,1,All Categories,All Students,N,26,16,10,61.5,38.5,50.8,6.2,19.6,2.7,9.8,1.9,47.0-54.6,0,0,0,0,0,0,0,27,151,9,Y,63,Red Lake,0
9-Aug,63,Red Lake,630,1,RED LAKE FALLS PUBLIC SCHOOL DIST.,0,All Schools,1,1,GRAD,20090413,10,R,1,All Categories,All Students,N,35,31,4,88.6,11.4,57.7,6.9,22.3,3.2,10.1,1.7,54.3-61.1,0,0,0,0,0,0,0,35,381,9,Y,63,Red Lake,0
9-Aug,64,Redwood,640,1,WABASSO PUBLIC SCHOOL DISTRICT,0,All Schools,6,8,GRAD,20090413,10,R,1,All Categories,All Students,N,28,22,6,78.6,21.4,54.4,7,20.5,3.1,9.7,1.8,50.8-58.0,0,0,0,0,0,0,0,30,414,9,Y,64,Redwood,0
9-Aug,66,Rice,656,1,FARIBAULT PUBLIC SCHOOL DISTRICT,0,All Schools,10,10,GRAD,20090413,10,R,1,All Categories,All Students,N,327,232,95,70.9,29.1,54.8,6.8,20.4,2.9,13.1,0.7,53.4-56.2,1,1,1,0,0,0,0,343,4008,9,Y,66,Rice,0
9-Aug,66,Rice,659,1,NORTHFIELD PUBLIC SCHOOL DISTRICT,0,All Schools,10,10,GRAD,20090413,10,R,1,All Categories,All Students,N,315,258,57,81.9,18.1,58.3,7.6,21.4,3.1,12.7,0.7,56.9-59.7,1,0,0,0,0,1,0,326,3861,9,Y,66,Rice,0
9-Aug,67,Rock,671,1,HILLS-BEAVER CREEK SCHOOL DISTRICT,0,All Schools,6,8,GRAD,20090413,10,R,1,All Categories,All Students,N,32,26,6,81.3,18.8,57.3,7.2,21.7,3.3,10.6,1.9,53.6-61.0,0,0,0,0,0,0,0,35,328,9,Y,67,Rock,0
9-Aug,68,Roseau,676,1,BADGER PUBLIC SCHOOL DISTRICT,0,All Schools,1,1,GRAD,20090413,10,R,1,All Categories,All Students,N,11,10,1,90.9,9.1,61.2,7.7,22.7,3.5,10.6,3.2,54.9-67.5,0,0,0,0,0,0,0,14,224,9,Y,68,Roseau,0
9-Aug,68,Roseau,682,1,ROSEAU PUBLIC SCHOOL DISTRICT,0,All Schools,1,1,GRAD,20090413,10,R,1,All Categories,All Students,N,91,71,20,78,22,55.9,7.4,20.9,3.1,10.1,1.1,53.8-58.0,0,0,0,0,0,0,0,96,1271,9,Y,68,Roseau,0
9-Aug,68,Roseau,690,1,WARROAD PUBLIC SCHOOL DISTRICT,0,All Schools,1,1,GRAD,20090413,10,R,1,All Categories,All Students,N,103,82,21,79.6,20.4,55.3,7.2,20.9,3.1,10.3,1,53.3-57.3,0,0,0,0,0,0,0,106,1129,9,Y,68,Roseau,0
9-Aug,69,St. Louis,695,1,CHISHOLM PUBLIC SCHOOL DISTRICT,0,All Schools,3,3,GRAD,20090413,10,R,1,All Categories,All Students,N,52,40,12,76.9,23.1,56.2,7.4,20.7,3.1,12.4,1.7,52.8-59.6,0,0,0,0,0,0,0,53,747,9,Y,69,St. Louis,0
9-Aug,69,St. Louis,696,1,ELY PUBLIC SCHOOL DISTRICT,0,All Schools,3,3,GRAD,20090413,10,R,1,All Categories,All Students,N,47,37,10,78.7,21.3,58.9,7.6,21.4,3.1,12.5,1.8,55.3-62.5,0,0,0,0,0,0,0,55,560,9,Y,69,St. Louis,0
9-Aug,69,St. Louis,698,1,FLOODWOOD PUBLIC SCHOOL DISTRICT,0,All Schools,3,3,GRAD,20090413,10,R,1,All Categories,All Students,N,30,27,3,90,10,60.1,7.7,22.5,3.2,10.6,1.9,56.3-63.9,0,0,0,0,0,0,1,30,339,9,Y,69,St. Louis,0
9-Aug,69,St. Louis,700,1,HERMANTOWN PUBLIC SCHOOL DISTRICT,0,All Schools,3,3,GRAD,20090413,10,R,1,All Categories,All Students,N,160,146,14,91.3,8.8,60.1,8,22.2,3.2,10.8,0.9,58.4-61.8,0,0,0,0,0,0,1,163,2020,9,Y,69,St. Louis,0
9-Aug,69,St. Louis,701,1,HIBBING PUBLIC SCHOOL DISTRICT,0,All Schools,3,3,GRAD,20090413,10,R,1,All Categories,All Students,N,186,157,29,84.4,15.6,58.8,7.6,21.8,3.1,11.3,0.8,57.2-60.4,1,2,2,0,0,0,0,201,2353,9,Y,69,St. Louis,0
9-Aug,69,St. Louis,704,1,PROCTOR PUBLIC SCHOOL DISTRICT,0,All Schools,3,3,GRAD,20090413,10,R,1,All Categories,All Students,N,127,95,32,74.8,25.2,55.3,7.2,20.8,2.9,11.2,1,53.3-57.3,0,0,0,1,0,0,0,139,1774,9,Y,69,St. Louis,0
9-Aug,69,St. Louis,706,1,VIRGINIA PUBLIC SCHOOL DISTRICT,0,All Schools,3,3,GRAD,20090413,10,R,1,All Categories,All Students,N,120,103,17,85.8,14.2,58.3,7.5,21.9,3.2,10.7,1,56.4-60.2,0,0,0,1,0,0,0,128,1509,9,Y,69,St. Louis,0
9-Aug,69,St. Louis,709,1,DULUTH PUBLIC SCHOOL DISTRICT,0,All Schools,3,3,GRAD,20090413,10,R,1,All Categories,All Students,N,778,631,147,81.1,18.9,57.6,7.4,21.3,3.1,12,0.4,56.8-58.4,7,0,0,2,0,0,0,877,9631,9,Y,69,St. Louis,0
9-Aug,69,St. Louis,712,1,MOUNTAIN IRON-BUHL SCHOOL DISTRICT,0,All Schools,3,3,GRAD,20090413,10,R,1,All Categories,All Students,N,35,30,5,85.7,14.3,54.9,7.2,20.7,2.9,12.5,2.1,50.8-59.0,0,0,0,0,0,0,0,54,606,9,Y,69,St. Louis,0
9-Aug,70,Scott,716,1,BELLE PLAINE PUBLIC SCHOOL DISTRICT,0,All Schools,11,11,GRAD,20090413,10,R,1,All Categories,All Students,N,113,82,31,72.6,27.4,54,7,20.4,2.9,10.4,1,52.1-55.9,0,0,0,0,0,0,0,113,1514,9,Y,70,Scott,0
9-Aug,70,Scott,717,1,JORDAN PUBLIC SCHOOL DISTRICT,0,All Schools,11,11,GRAD,20090413,10,R,1,All Categories,All Students,N,122,98,24,80.3,19.7,55.8,7.3,21,3,10.8,1,53.9-57.7,0,0,0,0,0,0,0,125,1640,9,Y,70,Scott,0
9-Aug,70,Scott,719,1,PRIOR LAKE-SAVAGE AREA SCHOOLS,0,All Schools,11,11,GRAD,20090413,10,R,1,All Categories,All Students,N,510,426,84,83.5,16.5,58.9,7.8,21.8,3.1,11.6,0.5,57.9-59.9,2,2,0,2,0,1,0,539,6868,9,Y,70,Scott,0
9-Aug,70,Scott,720,1,SHAKOPEE PUBLIC SCHOOL DISTRICT,0,All Schools,11,11,GRAD,20090413,10,R,1,All Categories,All Students,N,443,343,100,77.4,22.6,56.2,7.2,21,2.9,12.6,0.6,55.0-57.4,0,0,0,0,0,0,0,464,6423,9,Y,70,Scott,0
9-Aug,70,Scott,721,1,NEW PRAGUE AREA SCHOOLS,0,All Schools,11,11,GRAD,20090413,10,R,1,All Categories,All Students,N,275,227,48,82.5,17.5,57.8,7.5,21.4,3.1,11.9,0.7,56.4-59.2,0,0,0,1,0,0,0,290,3537,9,Y,70,Scott,0
9-Aug,71,Sherburne,726,1,BECKER PUBLIC SCHOOL DISTRICT,0,All Schools,7,07W,GRAD,20090413,10,R,1,All Categories,All Students,N,201,164,37,81.6,18.4,56.1,7.6,20.9,3,10.5,0.7,54.7-57.5,0,0,0,0,0,0,0,216,2815,9,Y,71,Sherburne,0
9-Aug,71,Sherburne,727,1,BIG LAKE PUBLIC SCHOOL DISTRICT,0,All Schools,7,07W,GRAD,20090413,10,R,1,All Categories,All Students,N,236,182,54,77.1,22.9,55.7,7.3,20.9,2.9,11.2,0.7,54.3-57.1,0,0,0,0,0,0,0,236,3513,9,Y,71,Sherburne,0
9-Aug,71,Sherburne,728,1,ELK RIVER PUBLIC SCHOOL DISTRICT,0,All Schools,7,07W,GRAD,20090413,10,R,1,All Categories,All Students,N,921,768,153,83.4,16.6,57.7,7.6,21.6,3.1,11.2,0.4,57.0-58.4,3,0,0,0,0,0,0,931,12296,9,Y,71,Sherburne,0
9-Aug,73,Stearns,738,1,HOLDINGFORD PUBLIC SCHOOL DISTRICT,0,All Schools,7,07W,GRAD,20090413,10,R,1,All Categories,All Students,N,83,72,11,86.7,13.3,59,7.5,22.1,3.2,10.7,1.2,56.7-61.3,0,0,0,0,0,0,0,85,1020,9,Y,73,Stearns,0
9-Aug,73,Stearns,739,1,KIMBALL PUBLIC SCHOOL DISTRICT,0,All Schools,7,07W,GRAD,20090413,10,R,1,All Categories,All Students,N,60,45,15,75,25,54.6,7.1,20.5,3,9.6,1.2,52.2-57.0,0,1,0,0,0,0,0,62,731,9,Y,73,Stearns,0
9-Aug,73,Stearns,740,1,MELROSE PUBLIC SCHOOL DISTRICT,0,All Schools,7,07W,GRAD,20090413,10,R,1,All Categories,All Students,N,123,102,21,82.9,17.1,56.2,7.2,21.3,3,11,1,54.3-58.1,0,0,0,0,0,0,0,125,1358,9,Y,73,Stearns,0
9-Aug,73,Stearns,741,1,PAYNESVILLE PUBLIC SCHOOL DISTRICT,0,All Schools,7,07W,GRAD,20090413,10,R,1,All Categories,All Students,N,78,65,13,83.3,16.7,60.2,7.5,22.5,3.3,11.2,1.3,57.7-62.7,0,0,0,0,0,0,0,78,1031,9,Y,73,Stearns,0
9-Aug,73,Stearns,742,1,ST. CLOUD PUBLIC SCHOOL DISTRICT,0,All Schools,7,07W,GRAD,20090413,10,R,1,All Categories,All Students,N,705,503,202,71.3,28.7,54.2,6.9,20.1,2.8,14.1,0.5,53.2-55.2,5,0,2,9,0,0,3,756,9242,9,Y,73,Stearns,0
9-Aug,73,Stearns,743,1,SAUK CENTRE PUBLIC SCHOOL DISTRICT,0,All Schools,7,07W,GRAD,20090413,10,R,1,All Categories,All Students,N,100,89,11,89,11,60.1,7.6,22.2,3.2,12.3,1.2,57.7-62.5,0,0,0,0,0,0,0,104,1035,9,Y,73,Stearns,0
9-Aug,73,Stearns,745,1,ALBANY PUBLIC SCHOOL DISTRICT,0,All Schools,7,07W,GRAD,20090413,10,R,1,All Categories,All Students,N,115,101,14,87.8,12.2,58.8,7.6,22.1,3.2,10.6,1,56.9-60.7,0,0,0,0,0,0,0,119,1550,9,Y,73,Stearns,0
9-Aug,73,Stearns,748,1,SARTELL-ST. STEPHEN SCHOOL DISTRICT,0,All Schools,7,07W,GRAD,20090413,10,R,1,All Categories,All Students,N,244,217,27,88.9,11.1,60.1,7.8,22.4,3.3,10.4,0.7,58.8-61.4,0,0,0,0,0,0,0,247,3316,9,Y,73,Stearns,0
9-Aug,73,Stearns,750,1,ROCORI PUBLIC SCHOOL DISTRICT,0,All Schools,7,07W,GRAD,20090413,10,R,1,All Categories,All Students,N,212,180,32,84.9,15.1,58.3,7.7,21.7,3.2,10.8,0.7,56.8-59.8,0,0,0,0,0,0,0,214,2175,9,Y,73,Stearns,0
9-Aug,74,Steele,756,1,BLOOMING PRAIRIE PUBLIC SCHOOL DIST,0,All Schools,10,10,GRAD,20090413,10,R,1,All Categories,All Students,N,53,41,12,77.4,22.6,55.9,7.1,21,3,11.5,1.6,52.8-59.0,0,0,0,0,0,0,0,53,695,9,Y,74,Steele,0
9-Aug,74,Steele,761,1,OWATONNA PUBLIC SCHOOL DISTRICT,0,All Schools,10,10,GRAD,20090413,10,R,1,All Categories,All Students,N,419,343,76,81.9,18.1,57.3,7.3,21.5,3,11.8,0.6,56.2-58.4,1,0,0,0,0,0,1,433,4906,9,Y,74,Steele,0
9-Aug,74,Steele,763,1,MEDFORD PUBLIC SCHOOL DISTRICT,0,All Schools,10,10,GRAD,20090413,10,R,1,All Categories,All Students,N,43,32,11,74.4,25.6,55,6.9,21.1,2.8,10.5,1.6,51.9-58.1,0,0,0,0,0,0,0,43,753,9,Y,74,Steele,0
9-Aug,75,Stevens,768,1,HANCOCK PUBLIC SCHOOL DISTRICT,0,All Schools,4,4,GRAD,20090413,10,R,1,All Categories,All Students,N,15,9,6,60,40,56.7,6.9,20.8,3.1,13.5,3.5,49.9-63.5,0,0,0,0,0,0,0,16,247,9,Y,75,Stevens,0
9-Aug,75,Stevens,769,1,MORRIS PUBLIC SCHOOL DISTRICT,0,All Schools,4,4,GRAD,20090413,10,R,1,All Categories,All Students,N,81,62,19,76.5,23.5,57.2,7.3,21.2,2.9,13.1,1.5,54.3-60.1,0,0,0,0,0,0,0,89,957,9,Y,75,Stevens,0
9-Aug,75,Stevens,771,1,CHOKIO-ALBERTA PUBLIC SCHOOL DIST.,0,All Schools,4,4,GRAD,20090413,10,R,1,All Categories,All Students,N,14,13,1,92.9,7.1,63.1,8.1,23.7,3.3,9.5,2.5,58.1-68.1,0,0,0,0,0,0,0,14,161,9,Y,75,Stevens,0
9-Aug,76,Swift,775,1,KERKHOVEN-MURDOCK-SUNBURG,0,All Schools,6,06W,GRAD,20090413,10,R,1,All Categories,All Students,N,55,36,19,65.5,34.5,54.3,6.9,20.6,2.7,11,1.5,51.4-57.2,0,0,0,0,0,0,0,59,539,9,Y,76,Swift,0
9-Aug,76,Swift,777,1,BENSON PUBLIC SCHOOL DISTRICT,0,All Schools,6,06W,GRAD,20090413,10,R,1,All Categories,All Students,N,98,82,16,83.7,16.3,56.7,7.5,21.6,3,9.6,1,54.8-58.6,1,0,0,0,0,0,0,109,980,9,Y,76,Swift,0
9-Aug,77,Todd,786,1,BERTHA-HEWITT PUBLIC SCHOOL DIST.,0,All Schools,5,5,GRAD,20090413,10,R,1,All Categories,All Students,N,39,23,16,59,41,51.5,6.2,19.5,3,9.3,1.5,48.6-54.4,0,0,0,0,0,0,0,39,465,9,Y,77,Todd,0
9-Aug,77,Todd,787,1,BROWERVILLE PUBLIC SCHOOL DISTRICT,0,All Schools,5,5,GRAD,20090413,10,R,1,All Categories,All Students,N,55,47,8,85.5,14.5,58.7,7.4,21.9,3.1,12.9,1.7,55.3-62.1,0,0,0,0,0,0,0,56,495,9,Y,77,Todd,0
9-Aug,78,Traverse,803,1,WHEATON AREA PUBLIC SCHOOL DISTRICT,0,All Schools,4,4,GRAD,20090413,10,R,1,All Categories,All Students,N,32,24,8,75,25,54,6.4,20.7,3.1,10,1.8,50.5-57.5,0,0,0,0,0,0,0,30,399,9,Y,78,Traverse,0
9-Aug,79,Wabasha,811,1,WABASHA-KELLOGG PUBLIC SCHOOL DIST.,0,All Schools,10,10,GRAD,20090413,10,R,1,All Categories,All Students,N,52,45,7,86.5,13.5,57.9,7.3,22,2.9,10.7,1.5,55.0-60.8,0,0,0,0,0,0,0,53,628,9,Y,79,Wabasha,0
9-Aug,79,Wabasha,813,1,LAKE CITY PUBLIC SCHOOL DISTRICT,0,All Schools,10,10,GRAD,20090413,10,R,1,All Categories,All Students,N,104,81,23,77.9,22.1,56.5,7.3,21.1,2.9,12.3,1.2,54.1-58.9,0,0,1,0,0,0,0,108,1311,9,Y,79,Wabasha,0
9-Aug,80,Wadena,818,1,VERNDALE PUBLIC SCHOOL DISTRICT,0,All Schools,5,5,GRAD,20090413,10,R,1,All Categories,All Students,N,44,33,11,75,25,55.3,6.7,20.9,3.1,11.9,1.8,51.8-58.8,0,0,0,1,0,0,0,50,458,9,Y,80,Wadena,0
9-Aug,80,Wadena,820,1,SEBEKA PUBLIC SCHOOL DISTRICT,0,All Schools,5,5,GRAD,20090413,10,R,1,All Categories,All Students,N,41,31,10,75.6,24.4,59.5,7.3,22,3.2,12.9,2,55.6-63.4,0,0,0,0,0,0,0,42,501,9,Y,80,Wadena,0
9-Aug,80,Wadena,821,1,MENAHGA PUBLIC SCHOOL DISTRICT,0,All Schools,5,5,GRAD,20090413,10,R,1,All Categories,All Students,N,46,39,7,84.8,15.2,59.5,7.3,22.1,3.3,12.6,1.9,55.8-63.2,0,0,0,0,0,0,0,47,748,9,Y,80,Wadena,0
9-Aug,81,Waseca,829,1,WASECA PUBLIC SCHOOL DISTRICT,0,All Schools,9,9,GRAD,20090413,10,R,1,All Categories,All Students,N,156,134,22,85.9,14.1,57.8,7.5,22,3,10.4,0.8,56.2-59.4,0,0,0,0,0,0,1,168,1869,9,Y,81,Waseca,0
9-Aug,82,Washington,831,1,FOREST LAKE PUBLIC SCHOOL DISTRICT,0,All Schools,11,11,GRAD,20090413,10,R,1,All Categories,All Students,N,529,433,96,81.9,18.1,57.7,7.5,21.4,3.1,11.4,0.5,56.7-58.7,0,0,0,2,0,0,1,543,7053,9,Y,82,Washington,0
9-Aug,82,Washington,832,1,MAHTOMEDI PUBLIC SCHOOL DISTRICT,0,All Schools,11,11,GRAD,20090413,10,R,1,All Categories,All Students,N,307,272,35,88.6,11.4,61,8,22.5,3.2,11.1,0.6,59.8-62.2,1,0,0,0,0,0,0,312,3199,9,Y,82,Washington,0
9-Aug,82,Washington,833,1,SOUTH WASHINGTON COUNTY SCHOOL DIST,0,All Schools,11,11,GRAD,20090413,10,R,1,All Categories,All Students,N,1237,1072,165,86.7,13.3,59,7.6,22,3.2,11.2,0.3,58.4-59.6,0,0,2,0,0,0,0,1269,16396,9,Y,82,Washington,0
9-Aug,82,Washington,834,1,STILLWATER AREA PUBLIC SCHOOL DIST.,0,All Schools,11,11,GRAD,20090413,10,R,1,All Categories,All Students,N,740,683,57,92.3,7.7,61.1,7.9,22.7,3.3,10.6,0.4,60.3-61.9,1,1,0,2,0,0,0,757,8343,9,Y,82,Washington,0
9-Aug,83,Watonwan,836,1,BUTTERFIELD PUBLIC SCHOOL DISTRICT,0,All Schools,9,9,GRAD,20090413,10,R,1,All Categories,All Students,N,18,15,3,83.3,16.7,53,6.9,20.1,2.8,14.5,3.4,46.3-59.7,0,0,0,0,0,0,0,21,234,9,Y,83,Watonwan,0
9-Aug,83,Watonwan,837,1,MADELIA PUBLIC SCHOOL DISTRICT,0,All Schools,9,9,GRAD,20090413,10,R,1,All Categories,All Students,N,40,30,10,75,25,56,6.6,21,3.2,12.7,2,52.1-59.9,0,0,0,0,0,0,0,39,553,9,Y,83,Watonwan,0
9-Aug,83,Watonwan,840,1,ST. JAMES PUBLIC SCHOOL DISTRICT,0,All Schools,9,9,GRAD,20090413,10,R,1,All Categories,All Students,N,94,51,43,54.3,45.7,50.8,6.4,18.7,2.6,13.3,1.4,48.1-53.5,2,0,0,1,0,0,0,96,1131,9,Y,83,Watonwan,0
9-Aug,84,Wilkin,846,1,BRECKENRIDGE PUBLIC SCHOOL DISTRICT,0,All Schools,4,4,GRAD,20090413,10,R,1,All Categories,All Students,N,75,59,16,78.7,21.3,56.2,7.1,21.3,3.1,10.5,1.2,53.8-58.6,0,0,0,0,0,0,1,80,830,9,Y,84,Wilkin,0
9-Aug,84,Wilkin,850,1,ROTHSAY PUBLIC SCHOOL DISTRICT,0,All Schools,4,4,GRAD,20090413,10,R,1,All Categories,All Students,N,17,9,8,52.9,47.1,51.7,6.3,19.2,2.8,13.6,3.3,45.2-58.2,0,0,0,0,0,0,0,17,203,9,Y,84,Wilkin,0
9-Aug,84,Wilkin,852,1,CAMPBELL-TINTAH PUBLIC SCHOOL DIST.,0,All Schools,4,4,GRAD,20090413,10,R,1,All Categories,All Students,Y,9,,,,,,,,,,,,,,,,,,,9,114,9,Y,84,Wilkin,0
9-Aug,85,Winona,857,1,LEWISTON-ALTURA PUBLIC SCHOOL DIST.,0,All Schools,10,10,GRAD,20090413,10,R,1,All Categories,All Students,N,59,51,8,86.4,13.6,57.5,7.5,21.7,3.1,10.4,1.4,54.8-60.2,0,0,0,0,0,0,0,60,741,9,Y,85,Winona,0
9-Aug,85,Winona,858,1,ST. CHARLES PUBLIC SCHOOL DISTRICT,0,All Schools,10,10,GRAD,20090413,10,R,1,All Categories,All Students,N,71,61,10,85.9,14.1,58.3,7.3,21.7,3.2,13.2,1.6,55.2-61.4,0,0,1,0,0,0,0,77,1024,9,Y,85,Winona,0
9-Aug,85,Winona,861,1,WINONA AREA PUBLIC SCHOOL DISTRICT,0,All Schools,10,10,GRAD,20090413,10,R,1,All Categories,All Students,N,305,231,74,75.7,24.3,55.9,7.1,20.8,2.9,12.8,0.7,54.5-57.3,0,0,0,1,0,0,0,316,3424,9,Y,85,Winona,0
9-Aug,86,Wright,876,1,ANNANDALE PUBLIC SCHOOL DISTRICT,0,All Schools,7,07W,GRAD,20090413,10,R,1,All Categories,All Students,N,142,117,25,82.4,17.6,58.5,7.6,21.7,3.1,11.5,1,56.6-60.4,0,0,2,0,0,0,0,148,1695,9,Y,86,Wright,0
9-Aug,86,Wright,877,1,BUFFALO PUBLIC SCHOOL DISTRICT,0,All Schools,7,07W,GRAD,20090413,10,R,1,All Categories,All Students,N,474,392,82,82.7,17.3,57.5,7.5,21.5,3.1,10.6,0.5,56.5-58.5,1,1,0,0,0,0,0,491,5796,9,Y,86,Wright,0
9-Aug,86,Wright,879,1,DELANO PUBLIC SCHOOL DISTRICT,0,All Schools,7,07W,GRAD,20090413,10,R,1,All Categories,All Students,N,205,187,18,91.2,8.8,61.1,7.9,22.9,3.2,10.1,0.7,59.7-62.5,0,0,0,0,0,0,0,212,2235,9,Y,86,Wright,0
9-Aug,86,Wright,881,1,MAPLE LAKE PUBLIC SCHOOL DISTRICT,0,All Schools,7,07W,GRAD,20090413,10,R,1,All Categories,All Students,N,80,67,13,83.8,16.3,57.7,7.6,21.4,3.2,10.5,1.2,55.4-60.0,0,0,0,0,0,0,0,85,983,9,Y,86,Wright,0
9-Aug,86,Wright,882,1,MONTICELLO PUBLIC SCHOOL DISTRICT,0,All Schools,7,07W,GRAD,20090413,10,R,1,All Categories,All Students,N,306,251,55,82,18,57.2,7.4,21.3,3.1,11.8,0.7,55.9-58.5,0,0,0,0,0,0,1,317,3930,9,Y,86,Wright,0
9-Aug,86,Wright,883,1,ROCKFORD PUBLIC SCHOOL DISTRICT,0,All Schools,7,07W,GRAD,20090413,10,R,1,All Categories,All Students,N,112,71,41,63.4,36.6,52.4,6.5,19.6,2.8,12.2,1.2,50.1-54.7,0,0,0,0,0,0,0,111,1533,9,Y,86,Wright,0
9-Aug,86,Wright,885,1,ST. MICHAEL-ALBERTVILLE SCHOOL DIST,0,All Schools,7,07W,GRAD,20090413,10,R,1,All Categories,All Students,N,317,266,51,83.9,16.1,57.3,7.6,21.5,3.1,10.3,0.6,56.2-58.4,0,0,0,0,0,0,0,319,4822,9,Y,86,Wright,0
9-Aug,87,Yellow Medicine,891,1,CANBY PUBLIC SCHOOL DISTRICT,0,All Schools,6,06W,GRAD,20090413,10,R,1,All Categories,All Students,N,51,42,9,82.4,17.6,57.4,7.1,21.5,3.1,14,2,53.6-61.2,0,0,0,0,0,0,0,52,522,9,Y,87,Yellow Medicine,0
9-Aug,30,Isanti,911,1,CAMBRIDGE-ISANTI PUBLIC SCHOOL DIST,0,All Schools,7,07E,GRAD,20090413,10,R,1,All Categories,All Students,N,375,300,75,80,20,56.3,7.3,21,3,11.8,0.6,55.1-57.5,1,0,1,2,0,0,0,396,5049,9,Y,30,Isanti,0
9-Aug,48,Mille Lacs,912,1,MILACA PUBLIC SCHOOL DISTRICT,0,All Schools,7,07E,GRAD,20090413,10,R,1,All Categories,All Students,N,139,94,45,67.6,32.4,54.1,7,20.2,2.8,10.7,0.9,52.3-55.9,0,0,0,0,0,0,1,148,1851,9,Y,48,Mille Lacs,0
9-Aug,14,Clay,914,1,ULEN-HITTERDAL PUBLIC SCHOOL DIST,0,All Schools,4,4,GRAD,20090413,10,R,1,All Categories,All Students,N,21,14,7,66.7,33.3,55.8,6.8,20.4,2.8,14.3,3.1,49.7-61.9,0,0,0,0,0,0,0,23,275,9,Y,14,Clay,0
9-Aug,46,Martin,915,52,SOUTHERN PLAINS EDUCATION COOP.,0,All Schools,9,9,GRAD,20090413,10,R,1,All Categories,All Students,Y,7,,,,,,,,,,,,,,,,,,,18,82,9,Y,46,Martin,0
9-Aug,82,Washington,916,6,N.E. METRO INTERMEDIATE DIST. 916,0,All Schools,11,11,GRAD,20090413,10,R,1,All Categories,All Students,N,55,6,49,10.9,89.1,37.5,4.6,12.6,1.7,9.3,1.3,35.0-40.0,0,0,0,4,0,0,1,61,664,9,Y,82,Washington,0
9-Aug,19,Dakota,917,6,INTERMEDIATE SCHOOL DISTRICT 917,0,All Schools,11,11,GRAD,20090413,10,R,1,All Categories,All Students,N,47,16,31,34,66,45,5.9,15.9,2.6,8.3,1.2,42.6-47.4,5,0,0,2,0,1,0,51,624,9,Y,19,Dakota,0
9-Aug,56,Otter Tail,926,83,REGION 4-LAKES COUNTRY SERVICE COOP,0,All Schools,4,4,GRAD,20090413,10,R,1,All Categories,All Students,N,10,5,5,50,50,47.6,5.6,18.3,2.4,9,2.9,42.0-53.2,0,0,0,0,0,0,0,7,50,9,Y,56,Otter Tail,0
9-Aug,10,Carver,930,53,CARVER-SCOTT EDUCATIONAL COOP.,0,All Schools,11,11,GRAD,20090413,10,R,1,All Categories,All Students,N,61,28,33,45.9,54.1,46.4,6,16.5,2.4,13,1.7,43.1-49.7,1,1,0,3,0,0,0,48,386,9,Y,10,Carver,0
9-Aug,86,Wright,938,52,MEEKER & WRIGHT SPECIAL EDUCATION,0,All Schools,6,07W,GRAD,20090413,10,R,1,All Categories,All Students,Y,6,,,,,,,,,,,,,,,,,,,18,109,9,Y,86,Wright,0
9-Aug,30,Isanti,957,51,OAK LAND VOCATIONAL CENTER,0,All Schools,7,07E,GRAD,20090413,10,R,1,All Categories,All Students,N,23,8,15,34.8,65.2,46.2,6.7,15.9,2.1,9.2,1.9,42.4-50.0,3,1,0,1,0,0,2,29,187,9,Y,30,Isanti,0
9-Aug,86,Wright,966,51,WRIGHT TECHNICAL CENTER,0,All Schools,7,07W,GRAD,20090413,10,R,1,All Categories,All Students,N,19,5,14,26.3,73.7,44.2,5.9,15.6,2.1,9.3,2.1,40.0-48.4,0,0,0,1,0,0,0,13,141,9,Y,86,Wright,0
9-Aug,42,Lyon,991,83,REGN 6 & 8-S.W/W.C. SRV COOPERATIVE,0,All Schools,6,8,GRAD,20090413,10,R,1,All Categories,All Students,N,12,5,7,41.7,58.3,40.9,4.8,14.8,2.2,11.8,3.4,34.2-47.6,1,0,0,0,0,0,0,10,94,9,Y,42,Lyon,0
9-Aug,70,Scott,993,52,MN RIVER VALLEY SPECIAL ED. COOP.,0,All Schools,11,11,GRAD,20090413,10,R,1,All Categories,All Students,N,21,12,9,57.1,42.9,48.2,6.4,17.9,2.2,11.3,2.5,43.4-53.0,1,0,0,0,0,0,1,22,144,9,Y,70,Scott,0
9-Aug,7,Blue Earth,2071,1,LAKE CRYSTAL-WELLCOME MEMORIAL,0,All Schools,9,9,GRAD,20090413,10,R,1,All Categories,All Students,N,64,56,8,87.5,12.5,59.3,7.6,22.3,3.3,9.9,1.2,56.9-61.7,0,0,0,1,0,0,0,67,772,9,Y,7,Blue Earth,0
9-Aug,20,Dodge,2125,1,TRITON SCHOOL DISTRICT,0,All Schools,10,10,GRAD,20090413,10,R,1,All Categories,All Students,N,97,79,18,81.4,18.6,55.9,7.1,21.1,3,11.9,1.2,53.5-58.3,0,0,0,0,0,0,0,99,1109,9,Y,20,Dodge,0
9-Aug,22,Faribault,2134,1,UNITED SOUTH CENTRAL SCHOOL DIST.,0,All Schools,9,9,GRAD,20090413,10,R,1,All Categories,All Students,N,72,57,15,79.2,20.8,55.8,7.3,21,3,10.5,1.2,53.4-58.2,0,0,0,0,0,0,0,75,742,9,Y,22,Faribault,0
9-Aug,7,Blue Earth,2135,1,MAPLE RIVER SCHOOL DISTRICT,0,All Schools,9,9,GRAD,20090413,10,R,1,All Categories,All Students,N,94,73,21,77.7,22.3,57.2,7.2,21.4,3.1,11.4,1.2,54.9-59.5,0,0,1,1,0,0,1,94,1131,9,Y,7,Blue Earth,0
9-Aug,23,Fillmore,2137,1,KINGSLAND PUBLIC SCHOOL DISTRICT,0,All Schools,10,10,GRAD,20090413,10,R,1,All Categories,All Students,N,71,56,15,78.9,21.1,55.5,7.1,21.2,3.1,9.3,1.1,53.3-57.7,0,0,0,0,0,0,0,76,710,9,Y,23,Fillmore,0
9-Aug,69,St. Louis,2142,1,ST. LOUIS COUNTY SCHOOL DISTRICT,0,All Schools,3,3,GRAD,20090413,10,R,1,All Categories,All Students,N,198,144,54,72.7,27.3,54.5,7.1,20.3,2.9,11.1,0.8,52.9-56.1,0,0,0,0,0,0,0,210,2046,9,Y,69,St. Louis,0
9-Aug,40,Le Sueur,2143,1,WATERVILLE-ELYSIAN-MORRISTOWN,0,All Schools,9,9,GRAD,20090413,10,R,1,All Categories,All Students,N,76,59,17,77.6,22.4,53.9,7.1,20.4,2.9,9.1,1,51.9-55.9,0,0,0,0,0,0,0,80,887,9,Y,40,Le Sueur,0
9-Aug,13,Chisago,2144,1,CHISAGO LAKES SCHOOL DISTRICT,0,All Schools,7,07E,GRAD,20090413,10,R,1,All Categories,All Students,N,328,264,64,80.5,19.5,56.9,7.4,21.3,3,11.4,0.6,55.7-58.1,1,0,0,1,0,0,0,332,3502,9,Y,13,Chisago,0
9-Aug,61,Pope,2149,1,MINNEWASKA SCHOOL DISTRICT,0,All Schools,4,4,GRAD,20090413,10,R,1,All Categories,All Students,N,99,86,13,86.9,13.1,58.5,7.6,21.9,3,11.3,1.1,56.3-60.7,0,0,0,0,0,0,0,114,1120,9,Y,61,Pope,0
9-Aug,69,St. Louis,2154,1,EVELETH-GILBERT SCHOOL DISTRICT,0,All Schools,3,3,GRAD,20090413,10,R,1,All Categories,All Students,N,88,68,20,77.3,22.7,56.8,7.4,21.1,3.1,10.9,1.2,54.5-59.1,0,0,1,0,0,0,0,93,1198,9,Y,69,St. Louis,0
9-Aug,80,Wadena,2155,1,WADENA-DEER CREEK SCHOOL DISTRICT,0,All Schools,5,5,GRAD,20090413,10,R,1,All Categories,All Students,N,94,69,25,73.4,26.6,54.3,6.9,20.4,2.9,12.1,1.2,51.9-56.7,0,0,0,0,0,0,0,101,1068,9,Y,80,Wadena,0
9-Aug,65,Renville,2159,1,BUFFALO LAKE-HECTOR SCHOOL DISTRICT,0,All Schools,6,06E,GRAD,20090413,10,R,1,All Categories,All Students,N,42,32,10,76.2,23.8,57.5,7,21.4,3.1,13.2,2,53.5-61.5,0,0,0,0,0,0,0,39,614,9,Y,65,Renville,0
9-Aug,14,Clay,2164,1,DILWORTH-GLYNDON-FELTON,0,All Schools,4,4,GRAD,20090413,10,R,1,All Categories,All Students,N,86,68,18,79.1,20.9,55.7,7.2,21.1,2.9,11.1,1.2,53.4-58.0,0,0,0,0,0,0,0,92,1357,9,Y,14,Clay,0
9-Aug,58,Pine,2165,1,HINCKLEY-FINLAYSON SCHOOL DISTRICT,0,All Schools,7,07E,GRAD,20090413,10,R,1,All Categories,All Students,N,80,60,20,75,25,54.2,7,20.3,2.9,11.1,1.2,51.8-56.6,0,0,0,0,0,0,0,88,1021,9,Y,58,Pine,0
9-Aug,42,Lyon,2167,1,LAKEVIEW SCHOOL DISTRICT,0,All Schools,6,8,GRAD,20090413,10,R,1,All Categories,All Students,N,27,20,7,74.1,25.9,57.6,7.6,20.8,3.1,12.8,2.5,52.8-62.4,0,0,0,0,0,0,0,28,572,9,Y,42,Lyon,0
9-Aug,81,Waseca,2168,1,N.R.H.E.G. SCHOOL DISTRICT,0,All Schools,9,9,GRAD,20090413,10,R,1,All Categories,All Students,N,70,57,13,81.4,18.6,57.8,7.4,21.7,3,11.8,1.4,55.0-60.6,0,0,0,0,0,0,0,75,968,9,Y,81,Waseca,0
9-Aug,51,Murray,2169,1,MURRAY COUNTY CENTRAL SCHOOL DIST.,0,All Schools,6,8,GRAD,20090413,10,R,1,All Categories,All Students,N,55,44,11,80,20,56.6,7.5,21.2,3.1,10.1,1.4,53.9-59.3,0,0,0,0,0,0,0,57,739,9,Y,51,Murray,0
9-Aug,77,Todd,2170,1,STAPLES-MOTLEY SCHOOL DISTRICT,0,All Schools,5,5,GRAD,20090413,10,R,1,All Categories,All Students,N,114,84,30,73.7,26.3,53.2,6.8,20,3,10.8,1,51.2-55.2,0,0,0,1,0,0,1,121,1335,9,Y,77,Todd,0
9-Aug,35,Kittson,2171,1,KITTSON CENTRAL SCHOOL DISTRICT,0,All Schools,1,1,GRAD,20090413,10,R,1,All Categories,All Students,N,19,17,2,89.5,10.5,56.1,7.3,21.9,2.9,7.4,1.7,52.8-59.4,0,0,0,0,0,0,0,20,306,9,Y,35,Kittson,0
9-Aug,25,Goodhue,2172,1,KENYON-WANAMINGO SCHOOL DISTRICT,0,All Schools,10,10,GRAD,20090413,10,R,1,All Categories,All Students,N,49,40,9,81.6,18.4,56.5,7,21.2,3.2,12.3,1.8,53.1-59.9,0,1,0,0,0,0,0,53,850,9,Y,25,Goodhue,0
9-Aug,11,Cass,2174,1,PINE RIVER-BACKUS SCHOOL DISTRICT,0,All Schools,5,5,GRAD,20090413,10,R,1,All Categories,All Students,N,72,57,15,79.2,20.8,55.5,7.1,21,2.8,10.7,1.3,53.0-58.0,1,0,0,0,0,0,0,82,909,9,Y,11,Cass,0
9-Aug,45,Marshall,2176,1,WARREN-ALVARADO-OSLO SCHOOL DIST.,0,All Schools,1,1,GRAD,20090413,10,R,1,All Categories,All Students,N,37,29,8,78.4,21.6,61.2,7.3,22.8,3,13.8,2.3,56.8-65.6,0,0,0,0,0,0,0,41,450,9,Y,45,Marshall,0
9-Aug,12,Chippewa,2180,1,M.A.C.C.R.A.Y. SCHOOL DISTRICT,0,All Schools,6,06W,GRAD,20090413,10,R,1,All Categories,All Students,N,54,43,11,79.6,20.4,56,6.9,21.1,3.1,10.8,1.5,53.1-58.9,0,0,0,0,0,0,0,59,697,9,Y,12,Chippewa,0
9-Aug,67,Rock,2184,1,LUVERNE PUBLIC SCHOOL DISTRICT,0,All Schools,6,8,GRAD,20090413,10,R,1,All Categories,All Students,N,79,59,20,74.7,25.3,55.6,7.3,20.8,3.1,10.4,1.2,53.3-57.9,0,0,0,0,0,0,2,86,1200,9,Y,67,Rock,0
9-Aug,87,Yellow Medicine,2190,1,YELLOW MEDICINE EAST,0,All Schools,6,06W,GRAD,20090413,10,R,1,All Categories,All Students,N,71,61,10,85.9,14.1,55.6,7.4,21.2,3.1,7.9,0.9,53.8-57.4,0,0,1,0,0,0,0,74,875,9,Y,87,Yellow Medicine,0
9-Aug,23,Fillmore,2198,1,FILLMORE CENTRAL,0,All Schools,10,10,GRAD,20090413,10,R,1,All Categories,All Students,N,46,37,9,80.4,19.6,56.7,7.2,21.3,3.2,10.7,1.6,53.6-59.8,0,0,0,0,0,0,0,51,560,9,Y,23,Fillmore,0
9-Aug,54,Norman,2215,1,NORMAN COUNTY EAST SCHOOL DISTRICT,0,All Schools,1,1,GRAD,20090413,10,R,1,All Categories,All Students,N,29,25,4,86.2,13.8,58.6,7.7,21.9,3.3,9.7,1.8,55.1-62.1,1,0,0,0,0,0,0,30,336,9,Y,54,Norman,0
9-Aug,72,Sibley,2310,1,SIBLEY EAST SCHOOL DISTRICT,0,All Schools,9,9,GRAD,20090413,10,R,1,All Categories,All Students,N,94,72,22,76.6,23.4,55.3,6.9,21,3.1,10.4,1.1,53.2-57.4,1,0,1,0,0,0,0,104,1213,9,Y,72,Sibley,0
9-Aug,15,Clearwater,2311,1,CLEARBROOK-GONVICK SCHOOL DISTRICT,0,All Schools,1,2,GRAD,20090413,10,R,1,All Categories,All Students,N,27,21,6,77.8,22.2,53.7,7.1,20.1,2.7,11.3,2.2,49.4-58.0,0,0,0,0,0,0,3,31,465,9,Y,15,Clearwater,0
9-Aug,26,Grant,2342,1,WEST CENTRAL AREA,0,All Schools,4,4,GRAD,20090413,10,R,1,All Categories,All Students,N,60,50,10,83.3,16.7,58.5,7.7,22,3.1,10.6,1.4,55.8-61.2,0,0,0,0,0,0,0,62,763,9,Y,26,Grant,0
9-Aug,35,Kittson,2358,1,TRI-COUNTY SCHOOL DISTRICT,0,All Schools,1,1,GRAD,20090413,10,R,1,All Categories,All Students,N,18,14,4,77.8,22.2,55.9,7.5,20.7,2.9,11.2,2.6,50.7-61.1,0,0,0,0,0,0,0,18,225,9,Y,35,Kittson,0
9-Aug,73,Stearns,2364,1,BELGRADE-BROOTEN-ELROSA SCHOOL DIST,0,All Schools,7,07W,GRAD,20090413,10,R,1,All Categories,All Students,N,49,36,13,73.5,26.5,55.1,7,20.9,3.1,10.9,1.6,52.0-58.2,0,0,0,0,0,0,0,51,714,9,Y,73,Stearns,0
9-Aug,72,Sibley,2365,1,G.F.W.,0,All Schools,9,9,GRAD,20090413,10,R,1,All Categories,All Students,N,66,52,14,78.8,21.2,56.4,7.3,21,3.1,12.5,1.5,53.4-59.4,0,0,0,0,0,0,0,67,745,9,Y,72,Sibley,0
9-Aug,47,Meeker,2396,1,A.C.G.C.,0,All Schools,6,06E,GRAD,20090413,10,R,1,All Categories,All Students,N,67,55,12,82.1,17.9,58.1,7.3,21.6,3.2,12.2,1.5,55.2-61.0,0,0,0,0,0,0,0,64,787,9,Y,47,Meeker,0
9-Aug,40,Le Sueur,2397,1,LESUEUR-HENDERSON SCHOOL DISTRICT,0,All Schools,9,9,GRAD,20090413,10,R,1,All Categories,All Students,N,118,91,27,77.1,22.9,57,7.2,21.1,3.1,13.4,1.2,54.6-59.4,0,0,0,0,0,0,0,116,1154,9,Y,40,Le Sueur,0
9-Aug,46,Martin,2448,1,MARTIN COUNTY WEST SCHOOL DISTRICT,0,All Schools,9,9,GRAD,20090413,10,R,1,All Categories,All Students,N,65,54,11,83.1,16.9,58.1,7.3,21.7,3.2,11.3,1.4,55.4-60.8,0,0,0,0,0,0,0,70,789,9,Y,46,Martin,0
9-Aug,54,Norman,2527,1,NORMAN COUNTY WEST SCHOOL DISTRICT,0,All Schools,1,1,GRAD,20090413,10,R,1,All Categories,All Students,N,14,12,2,85.7,14.3,55.1,7.1,20.7,3,12.2,3.3,48.7-61.5,0,0,0,0,0,0,0,14,282,9,Y,54,Norman,0
9-Aug,65,Renville,2534,1,BIRD ISLAND-OLIVIA-LAKE LILLIAN,0,All Schools,6,06E,GRAD,20090413,10,R,1,All Categories,All Students,N,69,51,18,73.9,26.1,56.4,7.1,20.6,3.1,14.1,1.7,53.1-59.7,0,0,0,0,0,0,0,73,794,9,Y,65,Renville,0
9-Aug,46,Martin,2536,1,GRANADA HUNTLEY-EAST CHAIN,0,All Schools,9,9,GRAD,20090413,10,R,1,All Categories,All Students,N,25,16,9,64,36,53.3,6.7,20,2.8,12.8,2.6,48.3-58.3,0,0,1,0,0,0,0,28,243,9,Y,46,Martin,0
9-Aug,58,Pine,2580,1,EAST CENTRAL SCHOOL DISTRICT,0,All Schools,7,07E,GRAD,20090413,10,R,1,All Categories,All Students,N,69,41,28,59.4,40.6,51.1,6.8,18.6,2.7,11.6,1.4,48.4-53.8,0,0,0,0,0,0,1,94,764,9,Y,58,Pine,0
9-Aug,60,Polk,2609,1,WIN-E-MAC SCHOOL DISTRICT,0,All Schools,1,1,GRAD,20090413,10,R,1,All Categories,All Students,N,37,28,9,75.7,24.3,54.8,6.8,20.6,2.8,12.7,2.1,50.7-58.9,0,0,0,1,0,0,0,41,473,9,Y,60,Polk,0
9-Aug,68,Roseau,2683,1,GREENBUSH-MIDDLE RIVER SCHOOL DIST.,0,All Schools,1,1,GRAD,20090413,10,R,1,All Categories,All Students,N,36,26,10,72.2,27.8,56.5,7.1,21,3,12.5,2.1,52.4-60.6,0,0,0,0,0,0,0,36,464,9,Y,68,Roseau,0
9-Aug,86,Wright,2687,1,HOWARD LAKE-WAVERLY-WINSTED,0,All Schools,7,07W,GRAD,20090413,10,R,1,All Categories,All Students,N,113,91,22,80.5,19.5,54.8,7.2,21,2.8,9.6,0.9,53.0-56.6,0,0,0,0,0,0,0,116,996,9,Y,86,Wright,0
9-Aug,59,Pipestone,2689,1,PIPESTONE AREA SCHOOL DISTRICT,0,All Schools,6,8,GRAD,20090413,10,R,1,All Categories,All Students,N,92,76,16,82.6,17.4,55.6,7.1,21,3.2,9.7,1,53.6-57.6,0,0,0,0,0,0,0,99,1135,9,Y,59,Pipestone,0
9-Aug,69,St. Louis,2711,1,MESABI EAST SCHOOL DISTRICT,0,All Schools,3,3,GRAD,20090413,10,R,1,All Categories,All Students,N,44,31,13,70.5,29.5,53.9,7.1,20.1,2.9,11.8,1.8,50.4-57.4,2,0,0,1,0,0,0,48,852,9,Y,69,St. Louis,0
9-Aug,46,Martin,2752,1,FAIRMONT AREA SCHOOL DISTRICT,0,All Schools,9,9,GRAD,20090413,10,R,1,All Categories,All Students,N,152,107,45,70.4,29.6,53.9,7.1,20,2.9,11.6,0.9,52.1-55.7,0,0,0,0,0,0,2,158,1739,9,Y,46,Martin,0
9-Aug,77,Todd,2753,1,LONG PRAIRIE-GREY EAGLE SCHOOL DIST,0,All Schools,5,5,GRAD,20090413,10,R,1,All Categories,All Students,N,97,59,38,60.8,39.2,52.8,6.5,19.6,2.7,14.5,1.5,49.9-55.7,0,0,0,1,0,0,0,107,1119,9,Y,77,Todd,0
9-Aug,64,Redwood,2754,1,CEDAR MOUNTAIN SCHOOL DISTRICT,0,All Schools,6,8,GRAD,20090413,10,R,1,All Categories,All Students,N,33,24,9,72.7,27.3,54.2,6.9,20.5,2.8,11.9,2.1,50.1-58.3,0,0,0,0,0,0,0,38,421,9,Y,64,Redwood,0
9-Aug,77,Todd,2759,1,EAGLE VALLEY PUBLIC SCHOOL DISTRICT,0,All Schools,5,5,GRAD,20090413,10,R,1,All Categories,All Students,N,25,16,9,64,36,52.5,6.3,20.4,2.8,9.7,1.9,48.7-56.3,0,0,0,0,0,0,0,25,327,9,Y,77,Todd,0
9-Aug,79,Wabasha,2805,1,ZUMBROTA-MAZEPPA SCHOOL DISTRICT,0,All Schools,10,10,GRAD,20090413,10,R,1,All Categories,All Students,N,114,100,14,87.7,12.3,59.7,7.8,22,3.2,11.2,1.1,57.6-61.8,0,0,0,0,0,0,1,112,1068,9,Y,79,Wabasha,0
9-Aug,81,Waseca,2835,1,JANESVILLE-WALDORF-PEMBERTON,0,All Schools,9,9,GRAD,20090413,10,R,1,All Categories,All Students,N,43,27,16,62.8,37.2,52.4,7,19.4,3,10.9,1.7,49.1-55.7,0,0,0,0,0,0,4,43,528,9,Y,81,Waseca,0
9-Aug,37,Lac qui Parle,2853,1,LAC QUI PARLE VALLEY SCHOOL DIST.,0,All Schools,6,06W,GRAD,20090413,10,R,1,All Categories,All Students,N,91,75,16,82.4,17.6,57.8,7.4,21.7,3,11,1.2,55.5-60.1,0,0,0,0,0,0,0,95,861,9,Y,37,Lac qui Parle,0
9-Aug,54,Norman,2854,1,ADA-BORUP PUBLIC SCHOOL DISTRICT,0,All Schools,1,1,GRAD,20090413,10,R,1,All Categories,All Students,N,41,34,7,82.9,17.1,57.6,7.3,21.6,3,11.6,1.8,54.1-61.1,0,0,0,0,0,0,1,47,547,9,Y,54,Norman,0
9-Aug,45,Marshall,2856,1,STEPHEN-ARGYLE CENTRAL SCHOOLS,0,All Schools,1,1,GRAD,20090413,10,R,1,All Categories,All Students,N,24,20,4,83.3,16.7,56,7.5,21.4,3.1,7.7,1.6,52.9-59.1,0,0,0,0,0,0,0,25,359,9,Y,45,Marshall,0
9-Aug,43,McLeod,2859,1,GLENCOE-SILVER LAKE SCHOOL DISTRICT,0,All Schools,6,06E,GRAD,20090413,10,R,1,All Categories,All Students,N,146,105,41,71.9,28.1,55.2,7,20.7,3,11.5,1,53.3-57.1,0,0,0,1,0,0,0,146,1607,9,Y,43,McLeod,0
9-Aug,22,Faribault,2860,1,BLUE EARTH AREA PUBLIC SCHOOL,0,All Schools,9,9,GRAD,20090413,10,R,1,All Categories,All Students,N,97,81,16,83.5,16.5,57.6,7.4,21.4,3.1,12.3,1.3,55.1-60.1,0,0,0,0,0,0,0,102,1210,9,Y,22,Faribault,0
9-Aug,17,Cottonwood,2884,1,RED ROCK CENTRAL SCHOOL DISTRICT,0,All Schools,6,8,GRAD,20090413,10,R,1,All Categories,All Students,N,38,31,7,81.6,18.4,55.9,6.9,21,2.9,12.6,2,51.9-59.9,0,0,0,0,0,0,0,37,466,9,Y,17,Cottonwood,0
9-Aug,24,Freeborn,2886,1,GLENVILLE-EMMONS SCHOOL DISTRICT,0,All Schools,10,10,GRAD,20090413,10,R,1,All Categories,All Students,N,29,18,11,62.1,37.9,50.4,6.4,18.8,2.8,13,2.4,45.7-55.1,0,0,0,0,0,0,0,32,342,9,Y,24,Freeborn,0
9-Aug,43,McLeod,2887,1,MCLEOD WEST PUBLIC SCHOOL DISTRICT,0,All Schools,6,06E,GRAD,20090413,10,R,1,All Categories,All Students,N,16,11,5,68.8,31.3,52.3,6.9,19.4,2.7,11.1,2.8,46.8-57.8,0,0,0,0,0,0,0,17,241,9,Y,43,McLeod,0
9-Aug,6,Big Stone,2888,1,CLINTON-GRACEVILLE-BEARDSLEY,0,All Schools,6,06W,GRAD,20090413,10,R,1,All Categories,All Students,N,33,23,10,69.7,30.3,53.3,6.9,20.2,2.9,9.2,1.6,50.2-56.4,0,0,0,0,0,0,0,34,372,9,Y,6,Big Stone,0
9-Aug,3,Becker,2889,1,LAKE PARK AUDUBON SCHOOL DISTRICT,0,All Schools,4,4,GRAD,20090413,10,R,1,All Categories,All Students,N,42,28,14,66.7,33.3,53,7.3,19.8,2.8,10.3,1.6,49.9-56.1,0,0,0,0,0,0,0,48,612,9,Y,3,Becker,0
9-Aug,65,Renville,2890,1,RENVILLE COUNTY WEST SCHOOL DIST.,0,All Schools,6,06E,GRAD,20090413,10,R,1,All Categories,All Students,N,37,23,14,62.2,37.8,54.5,6.2,20.4,2.9,15,2.5,49.7-59.3,0,0,0,0,0,0,0,48,577,9,Y,65,Renville,0
9-Aug,32,Jackson,2895,1,JACKSON COUNTY CENTRAL SCHOOL DIST.,0,All Schools,6,8,GRAD,20090413,10,R,1,All Categories,All Students,N,88,79,9,89.8,10.2,60.7,7.8,22.5,3.1,11.9,1.3,58.2-63.2,0,0,0,0,0,0,0,95,1128,9,Y,32,Jackson,0
9-Aug,64,Redwood,2897,1,REDWOOD AREA SCHOOL DISTRICT,0,All Schools,6,8,GRAD,20090413,10,R,1,All Categories,All Students,N,121,97,24,80.2,19.8,56.4,7.2,21,3,12.1,1.1,54.2-58.6,0,0,0,1,0,0,0,127,1233,9,Y,64,Redwood,0
9-Aug,17,Cottonwood,2898,1,WESTBROOK-WALNUT GROVE SCHOOLS,0,All Schools,6,8,GRAD,20090413,10,R,1,All Categories,All Students,N,49,27,22,55.1,44.9,49.8,6.2,18.5,2.6,11.8,1.7,46.5-53.1,0,0,0,0,0,0,0,50,548,9,Y,17,Cottonwood,0
9-Aug,79,Wabasha,2899,1,PLAINVIEW-ELGIN-MILLVILLE,0,All Schools,10,10,GRAD,20090413,10,R,1,All Categories,All Students,N,128,110,18,85.9,14.1,59.4,7.5,22.1,3.2,11.7,1,57.4-61.4,0,0,0,0,0,0,0,131,1572,9,Y,79,Wabasha,0
9-Aug,41,Lincoln,2902,1,RTR PUBLIC SCHOOLS,0,All Schools,6,8,GRAD,20090413,10,R,1,All Categories,All Students,N,51,44,7,86.3,13.7,59.8,7.8,22.3,3.3,9.8,1.4,57.1-62.5,0,0,0,0,0,0,0,53,553,9,Y,41,Lincoln,0
9-Aug,62,Ramsey,4000,7,CITY ACADEMY,0,All Schools,11,11,GRAD,20090413,10,R,1,All Categories,All Students,Y,3,,,,,,,,,,,,,,,,,,,1,133,9,Y,62,Ramsey,0
9-Aug,82,Washington,4003,7,"NEW HEIGHTS SCHOOL, INC.",0,All Schools,11,11,GRAD,20090413,10,R,1,All Categories,All Students,N,16,8,8,50,50,49.3,5.7,18.3,2.4,13.8,3.4,42.6-56.0,0,0,0,0,0,0,0,15,124,9,Y,82,Washington,0
9-Aug,62,Ramsey,4006,7,SKILLS FOR TOMORROW CHARTER SCHOOL,0,All Schools,11,11,GRAD,20090413,10,R,1,All Categories,All Students,N,14,6,8,42.9,57.1,45.8,5.8,16.8,2.5,12.4,3.3,39.3-52.3,0,0,0,1,0,0,3,18,63,9,Y,62,Ramsey,0
9-Aug,72,Sibley,4007,7,MINNESOTA NEW COUNTRY SCHOOL,0,All Schools,9,9,GRAD,20090413,10,R,1,All Categories,All Students,N,14,9,5,64.3,35.7,55.5,7.1,20.4,2.8,13.5,3.6,48.4-62.6,0,0,0,1,0,0,0,17,111,9,Y,72,Sibley,0
9-Aug,2,Anoka,4008,7,PACT CHARTER SCHOOL,0,All Schools,11,11,GRAD,20090413,10,R,1,All Categories,All Students,N,49,42,7,85.7,14.3,59.4,7.8,22.1,3.2,11,1.6,56.3-62.5,0,0,0,0,0,0,0,50,575,9,Y,2,Anoka,0
9-Aug,62,Ramsey,4015,7,COMMUNITY OF PEACE ACADEMY,0,All Schools,11,11,GRAD,20090413,10,R,1,All Categories,All Students,N,46,28,18,60.9,39.1,49.6,6,19,2.7,9.3,1.4,46.9-52.3,0,0,0,0,0,0,0,48,662,9,Y,62,Ramsey,0
9-Aug,27,Hennepin,4017,7,MINNESOTA TRANSITIONS CHARTER SCH,0,All Schools,11,11,GRAD,20090413,10,R,1,All Categories,All Students,N,310,196,114,63.2,36.8,52,6.8,19.2,2.7,12.8,0.7,50.6-53.4,7,1,1,5,0,0,2,307,3263,9,Y,27,Hennepin,0
9-Aug,87,Yellow Medicine,4026,7,E.C.H.O. CHARTER SCHOOL,0,All Schools,6,06W,GRAD,20090413,10,R,1,All Categories,All Students,N,18,11,7,61.1,38.9,50.4,6.7,17.9,2.7,13.9,3.3,44.0-56.8,0,0,0,0,0,0,0,18,185,9,Y,87,Yellow Medicine,0
9-Aug,62,Ramsey,4027,7,HIGHER GROUND ACADEMY,0,All Schools,11,11,GRAD,20090413,10,R,1,All Categories,All Students,N,30,23,7,76.7,23.3,57.8,7.2,20.6,3,17.1,3.1,51.7-63.9,0,0,0,0,0,0,4,31,569,9,Y,62,Ramsey,0
9-Aug,64,Redwood,4028,7,ECI' NOMPA WOONSPE,0,All Schools,6,8,GRAD,20090413,10,R,1,All Categories,All Students,Y,5,,,,,,,,,,,,,,,,,,,2,25,9,Y,64,Redwood,0
9-Aug,62,Ramsey,4031,7,JENNINGS COMMUNITY LEARNING CENTER,0,All Schools,11,11,GRAD,20090413,10,R,1,All Categories,All Students,Y,5,,,,,,,,,,,,,,,,,,,8,46,9,Y,62,Ramsey,0
9-Aug,62,Ramsey,4036,7,FACE TO FACE ACADEMY,0,All Schools,11,11,GRAD,20090413,10,R,1,All Categories,All Students,N,19,7,12,36.8,63.2,44.9,5.4,16.4,2.2,9.3,2.1,40.7-49.1,0,0,0,1,0,0,0,21,68,9,Y,62,Ramsey,0
9-Aug,62,Ramsey,4039,7,HIGH SCHOOL FOR RECORDING ARTS,0,All Schools,11,11,GRAD,20090413,10,R,1,All Categories,All Students,N,51,18,33,35.3,64.7,43.1,5.6,15.5,2,12,1.7,39.8-46.4,0,0,0,2,0,0,0,73,225,9,Y,62,Ramsey,0
9-Aug,82,Washington,4043,7,MATH & SCIENCE ACADEMY,0,All Schools,11,11,GRAD,20090413,10,R,1,All Categories,All Students,N,41,41,0,100,0,69.6,8.8,24.6,3.6,9.6,1.5,66.7-72.5,0,0,0,0,0,0,0,41,327,9,Y,82,Washington,0
9-Aug,21,Douglas,4045,7,LAKES AREA CHARTER SCHOOL,0,All Schools,4,4,GRAD,20090413,10,R,1,All Categories,All Students,N,12,1,11,8.3,91.7,33.8,4.5,10.1,1.8,11,3.2,27.6-40.0,0,0,0,0,0,0,0,9,56,9,Y,21,Douglas,0
9-Aug,69,St. Louis,4046,7,LAKE SUPERIOR HIGH SCHOOL,0,All Schools,3,3,GRAD,20090413,10,R,1,All Categories,All Students,N,17,6,11,35.3,64.7,45.9,5.6,17.1,2.2,8.8,2.1,41.7-50.1,0,0,0,0,0,0,2,12,69,9,Y,69,St. Louis,0
9-Aug,73,Stearns,4048,7,GREAT RIVER EDUCATION CENTER,0,All Schools,7,07W,GRAD,20090413,10,R,1,All Categories,All Students,Y,6,,,,,,,,,,,,,,,,,,,5,42,9,Y,73,Stearns,0
9-Aug,2,Anoka,4049,7,NORTHWEST PASSAGE HIGH SCHOOL,0,All Schools,11,11,GRAD,20090413,10,R,1,All Categories,All Students,N,42,21,21,50,50,49.6,6.6,18.5,2.5,8.2,1.3,47.1-52.1,0,0,0,2,0,0,0,32,202,9,Y,2,Anoka,0
9-Aug,27,Hennepin,4052,7,FOUR DIRECTIONS CHARTER SCHOOLS,0,All Schools,11,11,GRAD,20090413,10,R,1,All Categories,All Students,N,19,5,14,26.3,73.7,43.2,5,16.6,1.8,10.7,2.5,38.4-48.0,0,0,0,1,0,0,0,15,98,9,Y,27,Hennepin,0
9-Aug,82,Washington,4053,7,NORTH LAKES ACADEMY,0,All Schools,11,11,GRAD,20090413,10,R,1,All Categories,All Students,N,29,23,6,79.3,20.7,57.4,7.6,21.3,3.1,10.5,1.9,53.6-61.2,0,0,0,0,0,0,0,32,230,9,Y,82,Washington,0
9-Aug,55,Olmsted,4056,7,ROCHESTER OFF-CAMPUS CHARTER HIGH,0,All Schools,10,10,GRAD,20090413,10,R,1,All Categories,All Students,N,26,17,9,65.4,34.6,51.8,6.6,19.3,2.8,12.2,2.4,47.1-56.5,0,0,0,0,0,0,0,35,104,9,Y,55,Olmsted,0
9-Aug,27,Hennepin,4057,7,EL COLEGIO CHARTER SCHOOL,0,All Schools,11,11,GRAD,20090413,10,R,1,All Categories,All Students,N,17,4,13,23.5,76.5,41.3,5.3,14.7,2,11.5,2.8,35.8-46.8,1,0,0,1,0,0,0,27,104,9,Y,27,Hennepin,0
9-Aug,55,Olmsted,4061,7,STUDIO ACADEMY CHARTER SCHOOL,0,All Schools,10,10,GRAD,20090413,10,R,1,All Categories,All Students,N,28,18,10,64.3,35.7,52.4,6.7,19.2,3,10.9,2.1,48.3-56.5,0,0,0,1,0,0,0,30,120,9,Y,55,Olmsted,0
9-Aug,85,Winona,4064,7,RIVERWAY LEARNING COMMUNITY CHTR,0,All Schools,10,10,GRAD,20090413,10,R,1,All Categories,All Students,Y,5,,,,,,,,,,,,,,,,,,,7,84,9,Y,85,Winona,0
9-Aug,7,Blue Earth,4066,7,RIVERBEND ACADEMY,0,All Schools,9,9,GRAD,20090413,10,R,1,All Categories,All Students,Y,8,,,,,,,,,,,,,,,,,,,7,86,9,Y,7,Blue Earth,0
9-Aug,62,Ramsey,4074,7,AFSA HIGH SCHOOL,0,All Schools,11,11,GRAD,20090413,10,R,1,All Categories,All Students,N,41,33,8,80.5,19.5,58.2,7.6,21.6,3.1,11.6,1.8,54.7-61.7,0,0,0,0,0,0,0,41,213,9,Y,62,Ramsey,0
9-Aug,62,Ramsey,4075,7,AVALON SCHOOL,0,All Schools,11,11,GRAD,20090413,10,R,1,All Categories,All Students,N,34,24,10,70.6,29.4,56.2,7.1,20.3,2.7,16.8,2.9,50.6-61.8,0,0,0,1,0,0,0,39,181,9,Y,62,Ramsey,0
9-Aug,11,Cass,4080,7,PILLAGER AREA CHARTER SCHOOL,0,All Schools,5,5,GRAD,20090413,10,R,1,All Categories,All Students,N,12,0,12,0,100,34.3,4.5,10.3,1.5,7.1,2,30.3-38.3,0,0,0,0,0,0,0,8,42,9,Y,11,Cass,0
9-Aug,66,Rice,4081,7,DISCOVERY PUBLIC SCHOOL FARIBAULT,0,All Schools,10,10,GRAD,20090413,10,R,1,All Categories,All Students,N,13,6,7,46.2,53.8,47.8,5.5,18.4,2.4,11.1,3.1,41.8-53.8,0,0,0,0,0,0,1,12,51,9,Y,66,Rice,0
9-Aug,62,Ramsey,4082,7,BLUESKY CHARTER SCHOOL,0,All Schools,11,11,GRAD,20090413,10,R,1,All Categories,All Students,N,102,49,53,48,52,49.1,6.5,17.8,2.7,10.4,1,47.1-51.1,0,0,0,5,0,0,0,101,819,9,Y,62,Ramsey,0
9-Aug,69,St. Louis,4085,7,HARBOR CITY INTERNATIONAL CHARTER,0,All Schools,3,3,GRAD,20090413,10,R,1,All Categories,All Students,N,44,34,10,77.3,22.7,55,7.3,20.8,2.8,11.2,1.7,51.7-58.3,0,0,0,3,0,0,0,53,197,9,Y,69,St. Louis,0
9-Aug,27,Hennepin,4087,7,SAGE ACADEMY CHARTER SCHOOL,0,All Schools,11,11,GRAD,20090413,10,R,1,All Categories,All Students,N,28,20,8,71.4,28.6,52.1,7.3,19.5,2.6,8.3,1.6,49.0-55.2,0,0,0,0,0,0,9,32,88,9,Y,27,Hennepin,0
9-Aug,66,Rice,4091,7,ARTECH,0,All Schools,10,10,GRAD,20090413,10,R,1,All Categories,All Students,N,18,16,2,88.9,11.1,59.3,7.8,22,3.3,10.3,2.4,54.5-64.1,0,0,0,0,0,0,0,17,118,9,Y,66,Rice,0
9-Aug,27,Hennepin,4092,7,WATERSHED HIGH SCHOOL,0,All Schools,11,11,GRAD,20090413,10,R,1,All Categories,All Students,N,25,18,7,72,28,59.3,7.8,21.3,3,14,2.8,53.8-64.8,2,0,0,0,0,0,0,22,89,9,Y,27,Hennepin,0
9-Aug,43,McLeod,4093,7,NEW CENTURY CHARTER SCHOOL,0,All Schools,6,06E,GRAD,20090413,10,R,1,All Categories,All Students,N,22,15,7,68.2,31.8,55.1,7.4,20.5,2.5,12.3,2.6,50.0-60.2,1,0,0,0,0,0,0,25,162,9,Y,43,McLeod,0
9-Aug,13,Chisago,4095,7,TRIO WOLF CREEK DISTANCE LEARNING,0,All Schools,7,07E,GRAD,20090413,10,R,1,All Categories,All Students,N,17,10,7,58.8,41.2,51.7,6.9,18.6,2.7,12.9,3.1,45.6-57.8,1,0,0,0,0,1,0,10,123,9,Y,13,Chisago,0
9-Aug,62,Ramsey,4101,7,MINNESOTA NORTH STAR ACADEMY,0,All Schools,11,11,GRAD,20090413,10,R,1,All Categories,All Students,Y,7,,,,,,,,,,,,,,,,,,,12,32,9,Y,62,Ramsey,0
9-Aug,27,Hennepin,4102,7,MINNESOTA INTERNSHIP CENTER,0,All Schools,11,11,GRAD,20090413,10,R,1,All Categories,All Students,N,47,4,43,8.5,91.5,32.3,3.6,10.4,1.4,10.2,1.5,29.4-35.2,11,1,0,6,0,0,4,92,414,9,Y,27,Hennepin,0
9-Aug,62,Ramsey,4103,7,HMONG COLLEGE PREP ACADEMY,0,All Schools,11,11,GRAD,20090413,10,R,1,All Categories,All Students,N,87,38,49,43.7,56.3,45.6,5.2,17.2,2.2,12,1.3,43.1-48.1,0,0,0,0,0,0,0,92,480,9,Y,62,Ramsey,0
9-Aug,2,Anoka,4104,7,LIBERTY HIGH SCHOOL,0,All Schools,11,11,GRAD,20090413,10,R,1,All Categories,All Students,Y,8,,,,,,,,,,,,,,,,,,,6,153,9,Y,2,Anoka,0
9-Aug,27,Hennepin,4105,7,GREAT RIVER SCHOOL,0,All Schools,11,11,GRAD,20090413,10,R,1,All Categories,All Students,N,34,26,8,76.5,23.5,57.8,7.6,21.2,3.1,11.7,2,53.9-61.7,0,0,0,0,0,0,0,33,231,9,Y,62,Ramsey,0
9-Aug,4,Beltrami,4106,7,TREKNORTH HIGH SCHOOL,0,All Schools,1,2,GRAD,20090413,10,R,1,All Categories,All Students,N,27,23,4,85.2,14.8,57.2,7.4,21.6,3.3,9.8,1.9,53.5-60.9,0,0,0,0,0,0,0,29,172,9,Y,4,Beltrami,0
9-Aug,4,Beltrami,4107,7,VOYAGEURS EXPEDITIONARY,0,All Schools,7,2,GRAD,20090413,10,R,1,All Categories,All Students,Y,8,,,,,,,,,,,,,,,,,,,12,76,9,Y,4,Beltrami,0
9-Aug,62,Ramsey,4108,7,GENERAL JOHN VESSEY JR LEADERSHIP,0,All Schools,11,11,GRAD,20090413,10,R,1,All Categories,All Students,N,23,9,14,39.1,60.9,45.4,6.2,16,2.4,8,1.7,42.1-48.7,0,0,0,1,0,0,1,22,114,9,Y,62,Ramsey,0
9-Aug,62,Ramsey,4109,7,SOBRIETY HIGH,0,All Schools,11,11,GRAD,20090413,10,R,1,All Categories,All Students,N,33,23,10,69.7,30.3,52.8,7.4,19.8,2.8,6.8,1.2,50.5-55.1,0,0,0,0,0,0,1,17,156,9,Y,62,Ramsey,0
9-Aug,27,Hennepin,4110,7,MAIN STREET SCHOOL PERFORMING ARTS,0,All Schools,11,11,GRAD,20090413,10,R,1,All Categories,All Students,N,50,40,10,80,20,57.9,7.6,21.2,3,13,1.8,54.3-61.5,0,0,0,0,0,0,0,57,217,9,Y,27,Hennepin,0
9-Aug,27,Hennepin,4111,7,AUGSBURG FAIRVIEW ACADEMY,0,All Schools,11,11,GRAD,20090413,10,R,1,All Categories,All Students,N,18,5,13,27.8,72.2,42.8,5.5,15.8,1.7,10.1,2.4,38.1-47.5,0,0,0,0,0,0,0,29,140,9,Y,27,Hennepin,0
9-Aug,62,Ramsey,4112,7,ST PAUL CONSERVATORY PERFORMING ART,0,All Schools,11,11,GRAD,20090413,10,R,1,All Categories,All Students,N,107,104,3,97.2,2.8,62.6,8.2,23.1,3.3,9.9,1,60.7-64.5,0,0,0,1,0,0,0,106,401,9,Y,62,Ramsey,0
9-Aug,27,Hennepin,4114,7,PRESTIGE ACADEMY CHARTER SCHOOL,0,All Schools,11,11,GRAD,20090413,10,R,1,All Categories,All Students,N,22,10,12,45.5,54.5,46.5,5.7,17.6,2.4,11.3,2.4,41.8-51.2,0,0,0,0,0,0,0,18,75,9,Y,27,Hennepin,0
9-Aug,19,Dakota,4119,7,RIVER HEIGHTS CHARTER SCHOOL,0,All Schools,11,11,GRAD,20090413,10,R,1,All Categories,All Students,N,10,8,2,80,20,54.1,7.3,21,2.8,5.8,1.8,50.5-57.7,1,0,0,1,0,0,0,13,74,9,Y,19,Dakota,0
9-Aug,82,Washington,4120,7,ST. CROIX PREPARATORY ACADEMY,0,All Schools,11,11,GRAD,20090413,10,R,1,All Categories,All Students,N,13,11,2,84.6,15.4,59,7.7,21.5,3.2,12.8,3.6,52.0-66.0,0,0,0,0,0,0,0,13,711,9,Y,82,Washington,0
9-Aug,27,Hennepin,4121,7,UBAH MEDICAL ACADEMY CHARTER SCHOOL,0,All Schools,11,11,GRAD,20090413,10,R,1,All Categories,All Students,N,67,23,44,34.3,65.7,42.6,4.6,16.1,2,11.9,1.5,39.7-45.5,0,0,0,0,0,0,0,67,242,9,Y,27,Hennepin,0
9-Aug,27,Hennepin,4122,7,EAGLE RIDGE ACADEMY CHARTER SCHOOL,0,All Schools,11,11,GRAD,20090413,10,R,1,All Categories,All Students,N,37,34,3,91.9,8.1,63.4,8.4,23.2,3.3,10.1,1.7,60.2-66.6,0,0,0,0,0,0,0,40,256,9,Y,27,Hennepin,0
9-Aug,27,Hennepin,4126,7,PRAIRIE SEEDS ACADEMY,0,All Schools,11,11,GRAD,20090413,10,R,1,All Categories,All Students,N,11,4,7,36.4,63.6,44.7,4.8,17.2,2.1,7.5,2.3,40.2-49.2,0,0,0,0,0,0,0,10,444,9,Y,27,Hennepin,0
9-Aug,27,Hennepin,4131,7,LIGHTHOUSE ACADEMY OF NATIONS,0,All Schools,11,11,GRAD,20090413,10,R,1,All Categories,All Students,N,62,0,62,0,100,28.7,2.5,9.1,1.3,7.1,0.9,26.9-30.5,1,1,0,0,0,0,0,96,245,9,Y,27,Hennepin,0
9-Aug,62,Ramsey,4132,7,TWIN CITIES ACADEMY HIGH SCHOOL,0,All Schools,11,11,GRAD,20090413,10,R,1,All Categories,All Students,N,26,22,4,84.6,15.4,59.7,7.7,22.3,2.9,11.6,2.3,55.2-64.2,0,0,0,0,0,0,0,28,102,9,Y,62,Ramsey,0
9-Aug,31,Itasca,4146,7,NORTHERN LIGHTS COMMUNITY SCHOOL,0,All Schools,3,3,GRAD,20090413,10,R,1,All Categories,All Students,N,11,3,8,27.3,72.7,43.8,6.5,15,2.3,12.2,3.7,36.6-51.0,0,0,0,0,0,0,1,14,107,9,Y,31,Itasca,0
9-Aug,27,Hennepin,4150,7,MINNESOTA ONLINE HIGH SCHOOL,0,All Schools,11,11,GRAD,20090413,10,R,1,All Categories,All Students,N,10,6,4,60,40,53.6,7,19.3,3,14.9,4.7,44.3-62.9,0,0,0,0,0,0,0,22,119,9,Y,27,Hennepin,0
9-Aug,40,Le Sueur,4151,7,EDVISIONS OFF CAMPUS SCHOOL,0,All Schools,9,9,GRAD,20090413,10,R,1,All Categories,All Students,N,23,12,11,52.2,47.8,48.7,6.6,17.3,2.4,13.1,2.7,43.4-54.0,0,0,0,0,0,0,0,24,77,9,Y,40,Le Sueur,0
9-Aug,74,Steele,4154,7,RECOVERY SCHOOL OF SOUTHERN MN,0,All Schools,10,10,GRAD,20090413,10,R,1,All Categories,All Students,N,10,2,8,20,80,42.9,6.7,13.8,2.2,6.1,1.9,39.1-46.7,0,0,0,0,0,0,0,9,37,9,Y,74,Steele,0
9-Aug,27,Hennepin,4160,7,SPECTRUM HIGH SCHOOL,0,All Schools,11,11,GRAD,20090413,10,R,1,All Categories,All Students,N,66,50,16,75.8,24.2,57.8,7.5,21.3,3,12,1.5,54.9-60.7,0,0,0,0,0,0,0,69,187,9,Y,27,Hennepin,0
9-Aug,62,Ramsey,4163,7,LEARNING FOR LEADERSHIP CHARTER,0,All Schools,11,11,GRAD,20090413,10,R,1,All Categories,All Students,Y,6,,,,,,,,,,,,,,,,,,,9,181,9,Y,62,Ramsey,0
9-Aug,69,St. Louis,4166,7,EAST RANGE ACADEMY OF TECH &SCIENCE,0,All Schools,3,3,GRAD,20090413,10,R,1,All Categories,All Students,N,37,25,12,67.6,32.4,54.4,7.1,19.9,2.8,13.6,2.2,50.0-58.8,1,0,0,0,0,0,0,38,105,9,Y,69,St. Louis,0
9-Aug,27,Hennepin,4173,7,DUNWOODY ACADEMY,0,All Schools,11,11,GRAD,20090413,10,R,1,All Categories,All Students,N,71,21,50,29.6,70.4,44.5,5.1,16.7,2.1,7.3,0.9,42.8-46.2,2,0,0,0,0,0,0,82,202,9,Y,27,Hennepin,0
9-Aug,27,Hennepin,4175,7,LONG TIENG ACADEMY,0,All Schools,11,11,GRAD,20090413,10,R,1,All Categories,All Students,N,24,2,22,8.3,91.7,35.5,3.7,12.1,1.7,11,2.3,31.1-39.9,0,0,0,1,0,0,1,18,54,9,Y,27,Hennepin,0
9-Aug,1,Aitkin,4177,7,MINISINAAKWAANG LEADERSHIP ACADEMY,0,All Schools,3,3,GRAD,20090413,10,R,1,All Categories,All Students,Y,1,,,,,,,,,,,,,,,,,,,,28,9,Y,1,Aitkin,0
9-Aug,27,Hennepin,4178,7,LINCOLN INTERNATIONAL SCHOOL,0,All Schools,11,11,GRAD,20090413,10,R,1,All Categories,All Students,N,32,1,31,3.1,96.9,30.7,2.7,10.7,0.9,8.1,1.4,27.9-33.5,0,0,0,0,0,0,0,42,149,9,Y,27,Hennepin,0
9-Aug,27,Hennepin,4182,7,QUEST ACADEMY,0,All Schools,11,11,GRAD,20090413,10,R,1,All Categories,All Students,N,14,7,7,50,50,49.1,6.4,17.6,2.6,15,4,41.2-57.0,0,0,0,0,0,0,0,19,173,9,Y,27,Hennepin,0
9-Aug,27,Hennepin,4183,7,LIONSGATE ACADEMY,0,All Schools,11,11,GRAD,20090413,10,R,1,All Categories,All Students,Y,7,,,,,,,,,,,,,,,,,,,15,71,9,Y,27,Hennepin,0
9-Aug,77,Todd,6004,61,FRESHWATER ED. DIST.,0,All Schools,5,5,GRAD,20090413,10,R,1,All Categories,All Students,N,22,9,13,40.9,59.1,44.2,5.6,15.7,2.4,11.4,2.4,39.4-49.0,0,0,0,1,0,0,2,20,135,9,Y,77,Todd,0
9-Aug,55,Olmsted,6012,61,ZUMBRO EDUCATION DISTRICT,0,All Schools,10,10,GRAD,20090413,10,R,1,All Categories,All Students,N,23,14,9,60.9,39.1,49.4,6.7,18.3,2.7,8.2,1.7,46.0-52.8,1,2,0,0,0,0,0,26,89,9,Y,55,Olmsted,0
9-Aug,85,Winona,6013,61,HIAWATHA VALLEY ED. DISTRICT,0,All Schools,10,10,GRAD,20090413,10,R,1,All Categories,All Students,N,17,15,2,88.2,11.8,52.5,7.1,19.9,2.9,6.9,1.7,49.2-55.8,0,0,0,0,0,0,1,13,114,9,Y,85,Winona,0
9-Aug,21,Douglas,6014,61,RUNESTONE AREA ED. DISTRICT,0,All Schools,4,4,GRAD,20090413,10,R,1,All Categories,All Students,Y,9,,,,,,,,,,,,,,,,,,,15,120,9,Y,21,Douglas,0
9-Aug,12,Chippewa,6018,61,MN RIVER VALLEY EDUCATION DISTRICT,0,All Schools,6,06W,GRAD,20090413,10,R,1,All Categories,All Students,N,17,6,11,35.3,64.7,43.8,5.6,15.7,2.4,10.5,2.5,38.8-48.8,0,0,0,0,0,0,0,22,122,9,Y,12,Chippewa,0
9-Aug,73,Stearns,6026,61,WEST CENTRAL EDUCATION DISTRICT,0,All Schools,7,07W,GRAD,20090413,10,R,1,All Categories,All Students,Y,7,,,,,,,,,,,,,,,,,,,5,49,9,Y,73,Stearns,0
9-Aug,52,Nicollet,6027,61,MN VALLEY EDUCATION DISTRICT,0,All Schools,9,9,GRAD,20090413,10,R,1,All Categories,All Students,Y,6,,,,,,,,,,,,,,,,,,,9,40,9,Y,52,Nicollet,0
9-Aug,8,Brown,6049,61,RIVER BEND EDUCATION DISTRICT,0,All Schools,9,9,GRAD,20090413,10,R,1,All Categories,All Students,N,21,8,13,38.1,61.9,43.5,5.4,15.6,2.1,9.2,2,39.6-47.4,0,0,0,0,0,0,0,12,96,9,Y,8,Brown,0
9-Aug,25,Goodhue,6051,61,GOODHUE COUNTY EDUCATION  DIST.,0,All Schools,10,10,GRAD,20090413,10,R,1,All Categories,All Students,Y,9,,,,,,,,,,,,,,,,,,,11,62,9,Y,25,Goodhue,0
9-Aug,27,Hennepin,6065,62,METROPOLITAN LEARNING ALLIANCE,0,All Schools,11,11,GRAD,20090413,10,R,1,All Categories,All Students,Y,9,,,,,,,,,,,,,,,,,,,2,67,9,Y,27,Hennepin,0
9-Aug,62,Ramsey,6067,62,EAST METRO INTEGRATION DISTRICT,0,All Schools,11,11,GRAD,20090413,10,R,1,All Categories,All Students,N,52,45,7,86.5,13.5,58.4,7.7,21.6,3,12.6,1.7,55.0-61.8,0,0,0,0,0,0,0,54,886,9,Y,62,Ramsey,0
9-Aug,27,Hennepin,6069,62,WEST METRO EDUCATION PROGRAM,0,All Schools,11,11,GRAD,20090413,10,R,1,All Categories,All Students,N,26,22,4,84.6,15.4,59.3,7.8,21.7,3.2,12,2.4,54.7-63.9,0,0,0,0,0,0,0,26,986,9,Y,27,Hennepin,0
9-Aug,69,St. Louis,6076,50,NORTHLAND LEARNING CENTER,0,All Schools,3,3,GRAD,20090413,10,R,1,All Categories,All Students,N,10,2,8,20,80,47.5,6.7,16.6,2.3,16.1,5.1,37.5-57.5,0,0,0,0,0,0,1,18,110,9,Y,69,St. Louis,0
9-Aug,30,Isanti,6079,52,RUM RIVER SPECIAL EDUCATION COOP,0,All Schools,7,07E,GRAD,20090413,10,R,1,All Categories,All Students,N,10,1,9,10,90,35.6,4.7,11.4,1.4,13.4,4.2,27.3-43.9,0,0,0,0,0,0,0,9,55,9,Y,30,Isanti,0
9-Aug,73,Stearns,6383,61,BENTON-STEARNS ED. DISTRICT,0,All Schools,7,07W,GRAD,20090413,10,R,1,All Categories,All Students,Y,2,,,,,,,,,,,,,,,,,,,6,36,9,Y,73,Stearns,0
