districtNumber,districtType,districtName,year,dropRate
0001,03,Minneapolis Public School District,2012,0.0945626477541371
0006,03,South St. Paul Public School Dist.,2012,0.0821917808219178
0011,01,Anoka-Hennepin Public School District,2012,0.0261136712749616
0012,01,Centennial Public School District,2012,0
0013,01,Columbia Heights Public School Dist,2012,0.0508474576271186
0014,01,Fridley Public School District,2012,0.0515463917525773
0015,01,St. Francis Public School District,2012,0
0016,01,Spring Lake Park Public Schools,2012,0.0540540540540541
0022,01,Detroit Lakes Public School Dist.,2012,0.0833333333333333
0031,01,Bemidji Public School District,2012,0.189655172413793
0038,01,Red Lake Public School District,2012,0.25531914893617
0047,01,Sauk Rapids-Rice Public Schools,2012,NA
0077,01,Mankato Public School District,2012,0.112676056338028
0094,01,Cloquet Public School District,2012,0.153846153846154
0110,01,Waconia Public School District,2012,0
0112,01,Eastern Carver County Public School,2012,0.0714285714285714
0115,01,Cass Lake-Bena Public Schools,2012,0.145161290322581
0152,01,Moorhead Public School District,2012,0.22
0162,01,Bagley Public School District,2012,0.125
0166,01,Cook County Public Schools,2012,NA
0181,01,Brainerd Public School District,2012,NA
0191,01,Burnsville Public School District,2012,0.0975609756097561
0192,01,Farmington Public School District,2012,0.0212765957446809
0194,01,Lakeville Public School District,2012,0.0537634408602151
0196,01,Rosemount-Apple Valley-Eagan,2012,0.030690537084399
0197,01,West St. Paul-Mendota Hts.-Eagan,2012,0.0833333333333333
0199,01,Inver Grove Heights Schools,2012,0.0666666666666667
0200,01,Hastings Public School District,2012,0.0833333333333333
0241,01,Albert Lea Public School District,2012,0.0512820512820513
0270,01,Hopkins Public School District,2012,0.0392156862745098
0271,01,Bloomington Public School District,2012,0.0203389830508475
0272,01,Eden Prairie Public School District,2012,0.050561797752809
0273,01,Edina Public School District,2012,0
0276,01,Minnetonka Public School District,2012,0
0279,01,Osseo Public School District,2012,0.0588235294117647
0280,01,Richfield Public School District,2012,0.0797546012269939
0281,01,Robbinsdale Public School District,2012,0.0654911838790932
0282,01,St. Anthony-New Brighton Schools,2012,0
0283,01,St. Louis Park Public School Dist.,2012,0.0396825396825397
0284,01,Wayzata Public School District,2012,0.0192307692307692
0286,01,Brooklyn Center School District,2012,0.106382978723404
0287,06,Intermediate School District 287,2012,0.0528169014084507
0288,06,Southwest Metro Intermediate 288,2012,NA
0294,01,Houston Public School District,2012,0.2
0317,01,Deer River Public School District,2012,0.2
0318,01,Grand Rapids Public School District,2012,0.0512820512820513
0347,01,Willmar Public School District,2012,0.213592233009709
0413,01,Marshall Public School District,2012,0.25
0432,01,Mahnomen Public School District,2012,0.533333333333333
0435,01,Waubun-Ogema-White Earth Public Sch,2012,0.032258064516129
0465,01,Litchfield Public School District,2012,NA
0480,01,Onamia Public School District,2012,0.357142857142857
0492,01,Austin Public School District,2012,0.115384615384615
0508,01,St. Peter Public School District,2012,0
0518,01,Worthington Public School District,2012,0.194690265486726
0535,01,Rochester Public School District,2012,0.0988023952095808
0548,01,Pelican Rapids Public School Dist.,2012,0.117647058823529
0549,01,Perham-Dent Public School District,2012,NA
0564,01,Thief River Falls School District,2012,NA
0593,01,Crookston Public School District,2012,0.136363636363636
0621,01,Mounds View Public School District,2012,0.0307692307692308
0622,01,North St Paul-Maplewood Oakdale Public School District,2012,0.0375
0623,01,Roseville Public School District,2012,0.0670391061452514
0624,01,White Bear Lake School District,2012,0.0405405405405405
0625,01,St. Paul Public School District,2012,0.0804395604395604
0656,01,Faribault Public School District,2012,0.0806451612903226
0659,01,Northfield Public School District,2012,0.0740740740740741
0690,01,Warroad Public School District,2012,NA
0709,01,Duluth Public School District,2012,0.0909090909090909
0717,01,Jordan Public School District,2012,NA
0719,01,Prior Lake-Savage Area Schools,2012,0.157894736842105
0720,01,Shakopee Public School District,2012,0.0746268656716418
0721,01,New Prague Area Schools,2012,NA
0727,01,Big Lake Public School District,2012,NA
0728,01,Elk River Public School District,2012,0.0704225352112676
0740,01,Melrose Public School District,2012,0
0742,01,St. Cloud Public School District,2012,0.0567010309278351
0750,01,Rocori Public School District,2012,NA
0761,01,Owatonna Public School District,2012,0.107142857142857
0829,01,Waseca Public School District,2012,0.117647058823529
0831,01,Forest Lake Public School District,2012,0.0714285714285714
0832,01,Mahtomedi Public School District,2012,NA
0833,01,South Washington County School Dist,2012,0.0207612456747405
0834,01,Stillwater Area Public School Dist.,2012,0
0837,01,Madelia Public School District,2012,0.181818181818182
0840,01,St. James Public School District,2012,0.0344827586206897
0858,01,St. Charles Public School District,2012,NA
0861,01,Winona Area Public School District,2012,0.0714285714285714
0877,01,Buffalo-Hanover-Montrose Public Sch,2012,0.266666666666667
0882,01,Monticello Public School District,2012,0.0588235294117647
0885,01,St. Michael-Albertville School Dist,2012,0.0454545454545455
0911,01,Cambridge-Isanti Public School Dist,2012,NA
0916,06,Northeast Metro 916,2012,0.103448275862069
0917,06,Intermediate School District 917,2012,0.0869565217391304
0991,83,Region 6 And 8-Sw/Wc Service Cooperative,2012,NA
1094,34,Fond Du Lac Ojibwe,2012,0.15
1435,34,Circle Of Life,2012,NA
2142,01,St. Louis County School District,2012,0.130434782608696
2310,01,Sibley East School District,2012,0.1
2365,01,G.f.w. Public School District,2012,0.181818181818182
2397,01,Le Sueur-Henderson School District,2012,NA
2752,01,Fairmont Area School District,2012,NA
2753,01,Long Prairie-Grey Eagle School District,2012,0.3
2859,01,Glencoe-Silver Lake School District,2012,0.125
2890,01,Renville County West School Dist.,2012,NA
2897,01,Redwood Area School District,2012,0.133333333333333
2898,01,Westbrook-Walnut Grove Schools,2012,0.0952380952380952
2905,01,Tri-City United School District,2012,NA
4000,07,City Academy,2012,0
4015,07,Community Of Peace Academy,2012,0.0571428571428571
4017,07,Minnesota Transitions Charter School,2012,0.0218978102189781
4027,07,Higher Ground Academy,2012,0
4031,07,Jennings Community School,2012,0.1875
4036,07,Face To Face Academy,2012,NA
4039,07,High School For Recording Arts,2012,0.120481927710843
4043,07,Math And Science Academy,2012,NA
4057,07,El Colegio Charter School,2012,0.518518518518518
4082,07,Bluesky Charter School,2012,0.384615384615385
4102,07,Minnesota Internship Center,2012,0.252173913043478
4103,07,Hmong College Prep Academy,2012,0.0340909090909091
4104,07,Paladin Career And Technical High School,2012,0
4107,07,Voyageurs Expeditionary,2012,0.125
4111,07,Augsburg Fairview Academy,2012,0.0476190476190476
4112,07,St Paul Conservatory Performing Art,2012,0.133333333333333
4121,07,Ubah Medical Academy Charter School,2012,0.0181818181818182
4126,07,Prairie Seeds Academy,2012,0.0434782608695652
4131,07,Metro Schools Charter,2012,0.0303030303030303
4132,07,Twin Cities Academy,2012,NA
4178,07,Lincoln International School,2012,0.479452054794521
4200,07,Step Academy Charter School,2012,NA
4204,07,Rochester Stem Academy,2012,NA
4237,07,Career Pathways,2012,NA
6018,61,Mn River Valley Education District,2012,0
6049,61,River Bend Education District,2012,0
0000,01,Minneapolis-St. Paul International Airport,2012,NA
0001,01,Aitkin,2012,NA
0002,01,Hill City,2012,NA
0004,01,Mcgregor,2012,NA
0023,01,Frazee-Vergas,2012,NA
0025,01,Pine Point,2012,NA
0032,01,Blackduck,2012,NA
0036,01,Kelliher,2012,NA
0051,01,Foley,2012,NA
0075,01,St. Clair,2012,NA
0081,01,Comfrey,2012,NA
0084,01,Sleepy Eye,2012,NA
0085,01,Springfield,2012,NA
0088,01,New Ulm,2012,NA
0091,01,Barnum,2012,NA
0093,01,Carlton,2012,NA
0095,01,Cromwell-Wright,2012,NA
0097,01,Moose Lake,2012,NA
0099,01,Esko,2012,NA
0100,01,Wrenshall,2012,NA
0108,01,Central,2012,NA
0111,01,Watertown-Mayer,2012,NA
0113,01,Walker-Hackensack-Akeley,2012,NA
0116,01,Pillager,2012,NA
0118,01,Northland Community,2012,NA
0129,01,Montevideo,2012,NA
0138,01,North Branch,2012,NA
0139,01,Rush City,2012,NA
0146,01,Barnesville,2012,NA
0150,01,Hawley,2012,NA
0173,01,Mountain Lake,2012,NA
0177,01,Windom,2012,NA
0182,01,Crosby-Ironton,2012,NA
0186,01,Pequot Lakes,2012,NA
0195,01,Randolph,2012,NA
0203,01,Hayfield,2012,NA
0204,01,Kasson-Mantorville,2012,NA
0206,01,Alexandria,2012,NA
0213,01,Osakis,2012,NA
0227,01,Chatfield,2012,NA
0229,01,Lanesboro,2012,NA
0238,01,Mabel-Canton,2012,NA
0239,01,Rushford-Peterson,2012,NA
0242,01,Alden-Conger,2012,NA
0252,01,Cannon Falls,2012,NA
0253,01,Goodhue,2012,NA
0255,01,Pine Island,2012,NA
0256,01,Red Wing,2012,NA
0261,01,Ashby,2012,NA
0264,01,Herman-Norcross,2012,NA
0323,02,Franconia,2012,NA
0277,01,Westonka,2012,NA
0278,01,Orono,2012,NA
0297,01,Spring Grove,2012,NA
0299,01,Caledonia,2012,NA
0300,01,La Crescent-Hokah,2012,NA
0306,01,Laporte,2012,NA
0308,01,Nevis,2012,NA
0309,01,Park Rapids,2012,NA
0314,01,Braham,2012,NA
0316,01,Greenway,2012,NA
0319,01,Nashwauk-Keewatin,2012,NA
0330,01,Heron Lake-Okabena,2012,NA
0332,01,Mora,2012,NA
0333,01,Ogilvie,2012,NA
0345,01,New London-Spicer,2012,NA
0356,01,Lancaster,2012,NA
0361,01,International Falls,2012,NA
0362,01,Littlefork-Big Falls,2012,NA
0363,01,South Koochingching,2012,NA
0378,01,Dawson-Boyd,2012,NA
0381,01,Lake Superior,2012,NA
0390,01,Lake Of The Woods,2012,NA
0391,01,Cleveland,2012,NA
0402,01,Hendricks,2012,NA
0403,01,Ivanhoe,2012,NA
0404,01,Lake Benton,2012,NA
0414,01,Minneota,2012,NA
0415,01,Lynd,2012,NA
0423,01,Hutchinson,2012,NA
0441,01,Marshall County Central,2012,NA
0447,01,Grygla,2012,NA
0458,01,Truman,2012,NA
0463,01,Eden Valley-Watkins,2012,NA
0466,01,Dassel-Cokato,2012,NA
0473,01,Isle,2012,NA
0477,01,Princeton,2012,NA
0482,01,Little Falls,2012,NA
0484,01,Pierz,2012,NA
0485,01,Royalton,2012,NA
0486,01,Swanville,2012,NA
0487,01,Upsala,2012,NA
0495,01,Grand Meadow,2012,NA
0497,01,Lyle,2012,NA
0499,01,Leroy-Ostrander,2012,NA
0500,01,Southland,2012,NA
0505,01,Fulda,2012,NA
0507,01,Nicollet,2012,NA
0511,01,Adrian,2012,NA
0514,01,Ellsworth,2012,NA
0531,01,Byron,2012,NA
0533,01,Dover-Eyota,2012,NA
0534,01,Stewartville,2012,NA
0542,01,Battle Lake,2012,NA
0544,01,Fergus Falls,2012,NA
0545,01,Henning,2012,NA
0547,01,Parkers Prairie,2012,NA
0550,01,Underwood,2012,NA
0553,01,New York Mills,2012,NA
0561,01,Goodridge,2012,NA
0577,01,Willow River,2012,NA
0578,01,Pine City,2012,NA
0581,01,Edgerton,2012,NA
0592,01,Climax-Shelly,2012,NA
0595,01,East Grand Forks,2012,NA
0599,01,Fertile-Beltrami,2012,NA
0600,01,Fisher,2012,NA
0601,01,Fosston,2012,NA
0630,01,Red Lake Falls,2012,NA
0600,01,Fisher,2012,NA
0635,01,Milroy,2012,NA
0640,01,Wabasso,2012,NA
0671,01,Hills-Beaver Creek,2012,NA
0676,01,Badger,2012,NA
0682,01,Roseau,2012,NA
0695,01,Chisholm,2012,NA
0696,01,Ely,2012,NA
0698,01,Floodwood,2012,NA
0700,01,Hermantown,2012,NA
0701,01,Hibbing,2012,NA
0704,01,Proctor,2012,NA
0706,01,Virginia,2012,NA
0707,01,Nett Lake,2012,NA
0712,01,Mountain Iron-Buhl,2012,NA
0716,01,Belle Plaine,2012,NA
0726,01,Becker,2012,NA
0738,01,Holdingford,2012,NA
0739,01,Kimball,2012,NA
0741,01,Paynesville,2012,NA
0743,01,Sauk Centre,2012,NA
0745,01,Albany,2012,NA
0748,01,Sartell-St. Stephen,2012,NA
0756,01,Blooming Prairie,2012,NA
0763,01,Medford,2012,NA
0768,01,Hancock,2012,NA
0771,01,Chokio-Alberta,2012,NA
0775,01,Kerkhoven-Murdock-Sunburg,2012,NA
0777,01,Benson,2012,NA
0786,01,Bertha-Hewitt,2012,NA
0787,01,Browerville,2012,NA
0801,01,Browns Valley,2012,NA
0803,01,Wheaton Area,2012,NA
0811,01,Wabasha-Kellogg,2012,NA
0813,01,Lake City,2012,NA
0815,02,Prinsburg,2012,NA
0818,01,Verndale,2012,NA
0820,01,Sebeka,2012,NA
0821,01,Menahga,2012,NA
0836,01,Butterfiled-Odin,2012,NA
0846,01,Breckenridge,2012,NA
0850,01,Rothsay,2012,NA
0852,01,Campbell-Tintah,2012,NA
0857,01,Lewiston-Altura,2012,NA
0876,01,Annandale,2012,NA
0879,01,Delano,2012,NA
0881,01,Maple Lake,2012,NA
0883,01,Rockford,2012,NA
0891,01,Canby,2012,NA
0912,01,Milaca,2012,NA
0914,01,Ulen-Hitterdal,2012,NA
2071,01,Lake Crystal-Wellcome Memorial,2012,NA
2125,01,Triton,2012,NA
2134,01,United South Central,2012,NA
2135,01,Maple River,2012,NA
2137,01,Kingsland,2012,NA
2143,01,Waterville-Elysian-Morristown,2012,NA
2144,01,Chisago Lakes,2012,NA
2149,01,Minnewaska,2012,NA
2154,01,Eveleth-Gilbert,2012,NA
2155,01,Wadena-Deer Creek,2012,NA
2159,01,Buffalo Lake-Hector-Stewart,2012,NA
2164,01,Dilworth-Glyndon-Felton,2012,NA
2165,01,Hinkcley-Finlayson,2012,NA
2167,01,Lakeview,2012,NA
2168,01,N.r.h.e.g.,2012,NA
2169,01,Murray County Central,2012,NA
2170,01,Staples-Motley,2012,NA
2171,01,Kittson Central,2012,NA
2172,01,Kenyon-Wanamingo,2012,NA
2174,01,Pine River-Backus,2012,NA
2176,01,Warren-Alvarado-Oslo,2012,NA
2180,01,M.a.c.c.r.a.y,2012,NA
2184,01,Luverne,2012,NA
2190,01,Yellow Medicine East,2012,NA
2198,01,Fillmore Central,2012,NA
2215,01,Norman County East,2012,NA
2311,01,Clearbrook-Gonvick,2012,NA
2342,01,West Central Area,2012,NA
2358,01,Tri-County,2012,NA
2364,01,Belgrade-Brooten-Elrosa,2012,NA
2396,01,A.c.g.c.,2012,NA
2448,01,Martin County West,2012,NA
2527,01,Norman County West,2012,NA
2534,01,Bird Island-Olivia-Lake Lillian,2012,NA
2536,01,Granada-Huntley-East Chain,2012,NA
2580,01,East Central,2012,NA
2609,01,Win-E-Mac,2012,NA
2683,01,Greenbush-Middle River,2012,NA
2687,01,Howard Lake-Waverly-Winsted,2012,NA
2689,01,Pipestone Area,2012,NA
2711,01,Mesabi East,2012,NA
2754,01,Cedar Mountain,2012,NA
2759,01,Eagle Valley,2012,NA
2769,01,Morris Area,2012,NA
2805,01,Zumbrota-Mazeppa,2012,NA
2835,01,Janesville-Waldorf-Pemberton,2012,NA
2853,01,Lac Qui Parle Valley,2012,NA
2854,01,Ada-Borup,2012,NA
2856,01,Stephen-Argyle Central,2012,NA
2860,01,Blue Earth Area,2012,NA
2884,01,Red Rock Central,2012,NA
2886,01,Glenville-Emmons,2012,NA
2888,01,Clinton-Graceville-Beardsley,2012,NA
2889,01,Lake Park-Audubon,2012,NA
2895,01,Jackson Coutny Central,2012,NA
2899,01,Plainview-Elgin-Millville,2012,NA
2902,01,Russell-Tyler-Ruthton,2012,NA
2903,01,Ortonville,2012,NA
2904,01,Tracy Area,2012,NA
2906,01,Red Lake County Central,2012,NA
2908,01,Brandon-Evansville,2012,NA
2907,01,Round Lake-Brewster,2012,NA
0001,03,Minneapolis Public School District,2013,0.104
0006,03,South St. Paul Public School Dist.,2013,0.0416666666666667
0011,01,Anoka-Hennepin Public School District,2013,0.0509259259259259
0012,01,Centennial Public School District,2013,0.0185185185185185
0013,01,Columbia Heights Public School Dist,2013,0.0504201680672269
0014,01,Fridley Public School District,2013,0.0212765957446809
0015,01,St. Francis Public School District,2013,NA
0016,01,Spring Lake Park Public Schools,2013,0.0403225806451613
0022,01,Detroit Lakes Public School Dist.,2013,0.2
0031,01,Bemidji Public School District,2013,0.26530612244898
0038,01,Red Lake Public School District,2013,0.357894736842105
0047,01,Sauk Rapids-Rice Public Schools,2013,NA
0077,01,Mankato Public School District,2013,0.0543478260869565
0094,01,Cloquet Public School District,2013,0.0909090909090909
0110,01,Waconia Public School District,2013,0
0112,01,Eastern Carver County Public School,2013,0.0487804878048781
0115,01,Cass Lake-Bena Public Schools,2013,0.15625
0152,01,Moorhead Public School District,2013,0.196969696969697
0162,01,Bagley Public School District,2013,0.142857142857143
0166,01,Cook County Public Schools,2013,NA
0181,01,Brainerd Public School District,2013,NA
0191,01,Burnsville Public School District,2013,0.1
0192,01,Farmington Public School District,2013,0.0588235294117647
0194,01,Lakeville Public School District,2013,0.0296296296296296
0196,01,Rosemount-Apple Valley-Eagan,2013,0.0346420323325635
0197,01,West St. Paul-Mendota Hts.-Eagan,2013,0.0729166666666667
0199,01,Inver Grove Heights Schools,2013,0.121951219512195
0200,01,Hastings Public School District,2013,0.2
0241,01,Albert Lea Public School District,2013,0.1
0270,01,Hopkins Public School District,2013,0.0259067357512953
0271,01,Bloomington Public School District,2013,0.0203389830508475
0272,01,Eden Prairie Public School District,2013,0.0392156862745098
0273,01,Edina Public School District,2013,0
0276,01,Minnetonka Public School District,2013,0.0169491525423729
0279,01,Osseo Public School District,2013,0.0564399421128799
0280,01,Richfield Public School District,2013,0.063953488372093
0281,01,Robbinsdale Public School District,2013,0.0754716981132075
0282,01,St. Anthony-New Brighton Schools,2013,0.027027027027027
0283,01,St. Louis Park Public School Dist.,2013,0.0917431192660551
0284,01,Wayzata Public School District,2013,0.00571428571428571
0286,01,Brooklyn Center School District,2013,0.08
0287,06,Intermediate School District 287,2013,0.0776255707762557
0288,06,Southwest Metro Intermediate 288,2013,NA
0294,01,Houston Public School District,2013,0.214285714285714
0317,01,Deer River Public School District,2013,0.333333333333333
0318,01,Grand Rapids Public School District,2013,0
0347,01,Willmar Public School District,2013,0.165289256198347
0413,01,Marshall Public School District,2013,0.122448979591837
0432,01,Mahnomen Public School District,2013,0.216216216216216
0435,01,Waubun-Ogema-White Earth Public Sch,2013,0.142857142857143
0465,01,Litchfield Public School District,2013,NA
0480,01,Onamia Public School District,2013,0.272727272727273
0492,01,Austin Public School District,2013,0.112359550561798
0508,01,St. Peter Public School District,2013,NA
0518,01,Worthington Public School District,2013,0.176
0535,01,Rochester Public School District,2013,0.064
0548,01,Pelican Rapids Public School Dist.,2013,0.0555555555555556
0549,01,Perham-Dent Public School District,2013,NA
0564,01,Thief River Falls School District,2013,NA
0593,01,Crookston Public School District,2013,0.277777777777778
0621,01,Mounds View Public School District,2013,0.0404040404040404
0622,01,North St Paul-Maplewood Oakdale Public School District,2013,0.0534591194968553
0623,01,Roseville Public School District,2013,0.0339805825242718
0624,01,White Bear Lake School District,2013,0.0588235294117647
0625,01,St. Paul Public School District,2013,0.0822045773003269
0656,01,Faribault Public School District,2013,0.0533333333333333
0659,01,Northfield Public School District,2013,0.0285714285714286
0690,01,Warroad Public School District,2013,0.307692307692308
0709,01,Duluth Public School District,2013,0.135338345864662
0717,01,Jordan Public School District,2013,NA
0719,01,Prior Lake-Savage Area Schools,2013,0.0697674418604651
0720,01,Shakopee Public School District,2013,0.0918918918918919
0721,01,New Prague Area Schools,2013,NA
0727,01,Big Lake Public School District,2013,NA
0728,01,Elk River Public School District,2013,0.0246913580246914
0740,01,Melrose Public School District,2013,0
0742,01,St. Cloud Public School District,2013,0.0707964601769911
0750,01,Rocori Public School District,2013,NA
0761,01,Owatonna Public School District,2013,0.133333333333333
0829,01,Waseca Public School District,2013,NA
0831,01,Forest Lake Public School District,2013,0.037037037037037
0832,01,Mahtomedi Public School District,2013,NA
0833,01,South Washington County School Dist,2013,0.0262295081967213
0834,01,Stillwater Area Public School Dist.,2013,0.0232558139534884
0837,01,Madelia Public School District,2013,0.117647058823529
0840,01,St. James Public School District,2013,0.0540540540540541
0858,01,St. Charles Public School District,2013,NA
0861,01,Winona Area Public School District,2013,0
0877,01,Buffalo-Hanover-Montrose Public Sch,2013,0
0882,01,Monticello Public School District,2013,NA
0885,01,St. Michael-Albertville School Dist,2013,0.0769230769230769
0911,01,Cambridge-Isanti Public School Dist,2013,0
0916,06,Northeast Metro 916,2013,0.103448275862069
0917,06,Intermediate School District 917,2013,0.10958904109589
0991,83,Region 6 And 8-Sw/Wc Service Cooperative,2013,NA
1094,34,Fond Du Lac Ojibwe,2013,0.176470588235294
1435,34,Circle Of Life,2013,NA
2142,01,St. Louis County School District,2013,0.15
2310,01,Sibley East School District,2013,NA
2365,01,G.f.w. Public School District,2013,NA
2397,01,Le Sueur-Henderson School District,2013,0
2752,01,Fairmont Area School District,2013,NA
2753,01,Long Prairie-Grey Eagle School District,2013,0.136363636363636
2859,01,Glencoe-Silver Lake School District,2013,NA
2890,01,Renville County West School Dist.,2013,0.2
2897,01,Redwood Area School District,2013,0.2
2898,01,Westbrook-Walnut Grove Schools,2013,0
2905,01,Tri-City United School District,2013,0.0909090909090909
4000,07,City Academy,2013,0
4015,07,Community Of Peace Academy,2013,0
4017,07,Minnesota Transitions Charter School,2013,0.0535714285714286
4027,07,Higher Ground Academy,2013,0
4031,07,Jennings Community School,2013,NA
4036,07,Face To Face Academy,2013,NA
4039,07,High School For Recording Arts,2013,0.113924050632911
4043,07,Math And Science Academy,2013,NA
4057,07,El Colegio Charter School,2013,0.535714285714286
4082,07,Bluesky Charter School,2013,0.272727272727273
4102,07,Minnesota Internship Center,2013,0.2
4103,07,Hmong College Prep Academy,2013,0.0405405405405405
4104,07,Paladin Career And Technical High School,2013,0.107142857142857
4107,07,Voyageurs Expeditionary,2013,0.3
4111,07,Augsburg Fairview Academy,2013,0.03125
4112,07,St Paul Conservatory Performing Art,2013,0
4121,07,Ubah Medical Academy Charter School,2013,0.032258064516129
4126,07,Prairie Seeds Academy,2013,0.0566037735849057
4131,07,Metro Schools Charter,2013,0
4132,07,Twin Cities Academy,2013,NA
4178,07,Lincoln International School,2013,0.2
4200,07,Step Academy Charter School,2013,NA
4204,07,Rochester Stem Academy,2013,NA
4237,07,Career Pathways,2013,NA
6018,61,Mn River Valley Education District,2013,0
6049,61,River Bend Education District,2013,0.333333333333333
0000,01,Minneapolis-St. Paul International Airport,2013,NA
0001,01,Aitkin,2013,NA
0002,01,Hill City,2013,NA
0004,01,Mcgregor,2013,NA
0023,01,Frazee-Vergas,2013,NA
0025,01,Pine Point,2013,NA
0032,01,Blackduck,2013,NA
0036,01,Kelliher,2013,NA
0051,01,Foley,2013,NA
0075,01,St. Clair,2013,NA
0081,01,Comfrey,2013,NA
0084,01,Sleepy Eye,2013,NA
0085,01,Springfield,2013,NA
0088,01,New Ulm,2013,NA
0091,01,Barnum,2013,NA
0093,01,Carlton,2013,NA
0095,01,Cromwell-Wright,2013,NA
0097,01,Moose Lake,2013,NA
0099,01,Esko,2013,NA
0100,01,Wrenshall,2013,NA
0108,01,Central,2013,NA
0111,01,Watertown-Mayer,2013,NA
0113,01,Walker-Hackensack-Akeley,2013,NA
0116,01,Pillager,2013,NA
0118,01,Northland Community,2013,NA
0129,01,Montevideo,2013,NA
0138,01,North Branch,2013,NA
0139,01,Rush City,2013,NA
0146,01,Barnesville,2013,NA
0150,01,Hawley,2013,NA
0173,01,Mountain Lake,2013,NA
0177,01,Windom,2013,NA
0182,01,Crosby-Ironton,2013,NA
0186,01,Pequot Lakes,2013,NA
0195,01,Randolph,2013,NA
0203,01,Hayfield,2013,NA
0204,01,Kasson-Mantorville,2013,NA
0206,01,Alexandria,2013,NA
0213,01,Osakis,2013,NA
0227,01,Chatfield,2013,NA
0229,01,Lanesboro,2013,NA
0238,01,Mabel-Canton,2013,NA
0239,01,Rushford-Peterson,2013,NA
0242,01,Alden-Conger,2013,NA
0252,01,Cannon Falls,2013,NA
0253,01,Goodhue,2013,NA
0255,01,Pine Island,2013,NA
0256,01,Red Wing,2013,NA
0261,01,Ashby,2013,NA
0264,01,Herman-Norcross,2013,NA
0323,02,Franconia,2013,NA
0277,01,Westonka,2013,NA
0278,01,Orono,2013,NA
0297,01,Spring Grove,2013,NA
0299,01,Caledonia,2013,NA
0300,01,La Crescent-Hokah,2013,NA
0306,01,Laporte,2013,NA
0308,01,Nevis,2013,NA
0309,01,Park Rapids,2013,NA
0314,01,Braham,2013,NA
0316,01,Greenway,2013,NA
0319,01,Nashwauk-Keewatin,2013,NA
0330,01,Heron Lake-Okabena,2013,NA
0332,01,Mora,2013,NA
0333,01,Ogilvie,2013,NA
0345,01,New London-Spicer,2013,NA
0356,01,Lancaster,2013,NA
0361,01,International Falls,2013,NA
0362,01,Littlefork-Big Falls,2013,NA
0363,01,South Koochingching,2013,NA
0378,01,Dawson-Boyd,2013,NA
0381,01,Lake Superior,2013,NA
0390,01,Lake Of The Woods,2013,NA
0391,01,Cleveland,2013,NA
0402,01,Hendricks,2013,NA
0403,01,Ivanhoe,2013,NA
0404,01,Lake Benton,2013,NA
0414,01,Minneota,2013,NA
0415,01,Lynd,2013,NA
0423,01,Hutchinson,2013,NA
0441,01,Marshall County Central,2013,NA
0447,01,Grygla,2013,NA
0458,01,Truman,2013,NA
0463,01,Eden Valley-Watkins,2013,NA
0466,01,Dassel-Cokato,2013,NA
0473,01,Isle,2013,NA
0477,01,Princeton,2013,NA
0482,01,Little Falls,2013,NA
0484,01,Pierz,2013,NA
0485,01,Royalton,2013,NA
0486,01,Swanville,2013,NA
0487,01,Upsala,2013,NA
0495,01,Grand Meadow,2013,NA
0497,01,Lyle,2013,NA
0499,01,Leroy-Ostrander,2013,NA
0500,01,Southland,2013,NA
0505,01,Fulda,2013,NA
0507,01,Nicollet,2013,NA
0511,01,Adrian,2013,NA
0514,01,Ellsworth,2013,NA
0531,01,Byron,2013,NA
0533,01,Dover-Eyota,2013,NA
0534,01,Stewartville,2013,NA
0542,01,Battle Lake,2013,NA
0544,01,Fergus Falls,2013,NA
0545,01,Henning,2013,NA
0547,01,Parkers Prairie,2013,NA
0550,01,Underwood,2013,NA
0553,01,New York Mills,2013,NA
0561,01,Goodridge,2013,NA
0577,01,Willow River,2013,NA
0578,01,Pine City,2013,NA
0581,01,Edgerton,2013,NA
0592,01,Climax-Shelly,2013,NA
0595,01,East Grand Forks,2013,NA
0599,01,Fertile-Beltrami,2013,NA
0600,01,Fisher,2013,NA
0601,01,Fosston,2013,NA
0630,01,Red Lake Falls,2013,NA
0600,01,Fisher,2013,NA
0635,01,Milroy,2013,NA
0640,01,Wabasso,2013,NA
0671,01,Hills-Beaver Creek,2013,NA
0676,01,Badger,2013,NA
0682,01,Roseau,2013,NA
0695,01,Chisholm,2013,NA
0696,01,Ely,2013,NA
0698,01,Floodwood,2013,NA
0700,01,Hermantown,2013,NA
0701,01,Hibbing,2013,NA
0704,01,Proctor,2013,NA
0706,01,Virginia,2013,NA
0707,01,Nett Lake,2013,NA
0712,01,Mountain Iron-Buhl,2013,NA
0716,01,Belle Plaine,2013,NA
0726,01,Becker,2013,NA
0738,01,Holdingford,2013,NA
0739,01,Kimball,2013,NA
0741,01,Paynesville,2013,NA
0743,01,Sauk Centre,2013,NA
0745,01,Albany,2013,NA
0748,01,Sartell-St. Stephen,2013,NA
0756,01,Blooming Prairie,2013,NA
0763,01,Medford,2013,NA
0768,01,Hancock,2013,NA
0771,01,Chokio-Alberta,2013,NA
0775,01,Kerkhoven-Murdock-Sunburg,2013,NA
0777,01,Benson,2013,NA
0786,01,Bertha-Hewitt,2013,NA
0787,01,Browerville,2013,NA
0801,01,Browns Valley,2013,NA
0803,01,Wheaton Area,2013,NA
0811,01,Wabasha-Kellogg,2013,NA
0813,01,Lake City,2013,NA
0815,02,Prinsburg,2013,NA
0818,01,Verndale,2013,NA
0820,01,Sebeka,2013,NA
0821,01,Menahga,2013,NA
0836,01,Butterfiled-Odin,2013,NA
0846,01,Breckenridge,2013,NA
0850,01,Rothsay,2013,NA
0852,01,Campbell-Tintah,2013,NA
0857,01,Lewiston-Altura,2013,NA
0876,01,Annandale,2013,NA
0879,01,Delano,2013,NA
0881,01,Maple Lake,2013,NA
0883,01,Rockford,2013,NA
0891,01,Canby,2013,NA
0912,01,Milaca,2013,NA
0914,01,Ulen-Hitterdal,2013,NA
2071,01,Lake Crystal-Wellcome Memorial,2013,NA
2125,01,Triton,2013,NA
2134,01,United South Central,2013,NA
2135,01,Maple River,2013,NA
2137,01,Kingsland,2013,NA
2143,01,Waterville-Elysian-Morristown,2013,NA
2144,01,Chisago Lakes,2013,NA
2149,01,Minnewaska,2013,NA
2154,01,Eveleth-Gilbert,2013,NA
2155,01,Wadena-Deer Creek,2013,NA
2159,01,Buffalo Lake-Hector-Stewart,2013,NA
2164,01,Dilworth-Glyndon-Felton,2013,NA
2165,01,Hinkcley-Finlayson,2013,NA
2167,01,Lakeview,2013,NA
2168,01,N.r.h.e.g.,2013,NA
2169,01,Murray County Central,2013,NA
2170,01,Staples-Motley,2013,NA
2171,01,Kittson Central,2013,NA
2172,01,Kenyon-Wanamingo,2013,NA
2174,01,Pine River-Backus,2013,NA
2176,01,Warren-Alvarado-Oslo,2013,NA
2180,01,M.a.c.c.r.a.y,2013,NA
2184,01,Luverne,2013,NA
2190,01,Yellow Medicine East,2013,NA
2198,01,Fillmore Central,2013,NA
2215,01,Norman County East,2013,NA
2311,01,Clearbrook-Gonvick,2013,NA
2342,01,West Central Area,2013,NA
2358,01,Tri-County,2013,NA
2364,01,Belgrade-Brooten-Elrosa,2013,NA
2396,01,A.c.g.c.,2013,NA
2448,01,Martin County West,2013,NA
2527,01,Norman County West,2013,NA
2534,01,Bird Island-Olivia-Lake Lillian,2013,NA
2536,01,Granada-Huntley-East Chain,2013,NA
2580,01,East Central,2013,NA
2609,01,Win-E-Mac,2013,NA
2683,01,Greenbush-Middle River,2013,NA
2687,01,Howard Lake-Waverly-Winsted,2013,NA
2689,01,Pipestone Area,2013,NA
2711,01,Mesabi East,2013,NA
2754,01,Cedar Mountain,2013,NA
2759,01,Eagle Valley,2013,NA
2769,01,Morris Area,2013,NA
2805,01,Zumbrota-Mazeppa,2013,NA
2835,01,Janesville-Waldorf-Pemberton,2013,NA
2853,01,Lac Qui Parle Valley,2013,NA
2854,01,Ada-Borup,2013,NA
2856,01,Stephen-Argyle Central,2013,NA
2860,01,Blue Earth Area,2013,NA
2884,01,Red Rock Central,2013,NA
2886,01,Glenville-Emmons,2013,NA
2888,01,Clinton-Graceville-Beardsley,2013,NA
2889,01,Lake Park-Audubon,2013,NA
2895,01,Jackson Coutny Central,2013,NA
2899,01,Plainview-Elgin-Millville,2013,NA
2902,01,Russell-Tyler-Ruthton,2013,NA
2903,01,Ortonville,2013,NA
2904,01,Tracy Area,2013,NA
2906,01,Red Lake County Central,2013,NA
2908,01,Brandon-Evansville,2013,NA
2907,01,Round Lake-Brewster,2013,NA
0001,03,Minneapolis Public School District,2014,0.0936497754971135
0006,03,South St. Paul Public School Dist.,2014,0.0963855421686747
0011,01,Anoka-Hennepin Public School District,2014,0.0284857571214393
0012,01,Centennial Public School District,2014,0.0333333333333333
0013,01,Columbia Heights Public School Dist,2014,0.0462962962962963
0014,01,Fridley Public School District,2014,0.00833333333333333
0015,01,St. Francis Public School District,2014,0
0016,01,Spring Lake Park Public Schools,2014,0.0569105691056911
0022,01,Detroit Lakes Public School Dist.,2014,0.0588235294117647
0031,01,Bemidji Public School District,2014,0.241935483870968
0038,01,Red Lake Public School District,2014,0.475
0047,01,Sauk Rapids-Rice Public Schools,2014,NA
0077,01,Mankato Public School District,2014,0.141414141414141
0094,01,Cloquet Public School District,2014,0.0625
0110,01,Waconia Public School District,2014,0.125
0112,01,Eastern Carver County Public School,2014,0.0379746835443038
0115,01,Cass Lake-Bena Public Schools,2014,0.0704225352112676
0152,01,Moorhead Public School District,2014,0.117647058823529
0162,01,Bagley Public School District,2014,0.05
0166,01,Cook County Public Schools,2014,NA
0181,01,Brainerd Public School District,2014,0
0191,01,Burnsville Public School District,2014,0.0693069306930693
0192,01,Farmington Public School District,2014,0.0697674418604651
0194,01,Lakeville Public School District,2014,0.0338983050847458
0196,01,Rosemount-Apple Valley-Eagan,2014,0.0336842105263158
0197,01,West St. Paul-Mendota Hts.-Eagan,2014,0.0206185567010309
0199,01,Inver Grove Heights Schools,2014,0.0405405405405405
0200,01,Hastings Public School District,2014,0
0241,01,Albert Lea Public School District,2014,0.153846153846154
0270,01,Hopkins Public School District,2014,0.0346534653465347
0271,01,Bloomington Public School District,2014,0.020979020979021
0272,01,Eden Prairie Public School District,2014,0.0178571428571429
0273,01,Edina Public School District,2014,0.0108695652173913
0276,01,Minnetonka Public School District,2014,0
0279,01,Osseo Public School District,2014,0.0442477876106195
0280,01,Richfield Public School District,2014,0.0443037974683544
0281,01,Robbinsdale Public School District,2014,0.0762331838565022
0282,01,St. Anthony-New Brighton Schools,2014,0
0283,01,St. Louis Park Public School Dist.,2014,0.0396825396825397
0284,01,Wayzata Public School District,2014,0.0173410404624277
0286,01,Brooklyn Center School District,2014,0.0337078651685393
0287,06,Intermediate School District 287,2014,0.124260355029586
0288,06,Southwest Metro Intermediate 288,2014,NA
0294,01,Houston Public School District,2014,0.222222222222222
0317,01,Deer River Public School District,2014,0.2
0318,01,Grand Rapids Public School District,2014,0.0512820512820513
0347,01,Willmar Public School District,2014,0.169811320754717
0413,01,Marshall Public School District,2014,0.148936170212766
0432,01,Mahnomen Public School District,2014,0.184210526315789
0435,01,Waubun-Ogema-White Earth Public Sch,2014,0.0333333333333333
0465,01,Litchfield Public School District,2014,NA
0480,01,Onamia Public School District,2014,0.466666666666667
0492,01,Austin Public School District,2014,0.108108108108108
0508,01,St. Peter Public School District,2014,0.214285714285714
0518,01,Worthington Public School District,2014,0.192307692307692
0535,01,Rochester Public School District,2014,0.0758807588075881
0548,01,Pelican Rapids Public School Dist.,2014,0.0555555555555556
0549,01,Perham-Dent Public School District,2014,NA
0564,01,Thief River Falls School District,2014,NA
0593,01,Crookston Public School District,2014,0.19047619047619
0621,01,Mounds View Public School District,2014,0.0458715596330275
0622,01,North St Paul-Maplewood Oakdale Public School District,2014,0.0389221556886228
0623,01,Roseville Public School District,2014,0.0672268907563025
0624,01,White Bear Lake School District,2014,0.03125
0625,01,St. Paul Public School District,2014,0.0758969641214351
0656,01,Faribault Public School District,2014,0.0735294117647059
0659,01,Northfield Public School District,2014,0
0690,01,Warroad Public School District,2014,0.25
0709,01,Duluth Public School District,2014,0.118110236220472
0717,01,Jordan Public School District,2014,NA
0719,01,Prior Lake-Savage Area Schools,2014,0
0720,01,Shakopee Public School District,2014,0.0116279069767442
0721,01,New Prague Area Schools,2014,NA
0727,01,Big Lake Public School District,2014,NA
0728,01,Elk River Public School District,2014,0.024390243902439
0740,01,Melrose Public School District,2014,0.0714285714285714
0742,01,St. Cloud Public School District,2014,0.0827338129496403
0750,01,Rocori Public School District,2014,NA
0761,01,Owatonna Public School District,2014,0.0615384615384615
0829,01,Waseca Public School District,2014,0
0831,01,Forest Lake Public School District,2014,0
0832,01,Mahtomedi Public School District,2014,NA
0833,01,South Washington County School Dist,2014,0.0211480362537764
0834,01,Stillwater Area Public School Dist.,2014,0.0238095238095238
0837,01,Madelia Public School District,2014,0.368421052631579
0840,01,St. James Public School District,2014,0.121212121212121
0858,01,St. Charles Public School District,2014,NA
0861,01,Winona Area Public School District,2014,0.285714285714286
0877,01,Buffalo-Hanover-Montrose Public Sch,2014,0
0882,01,Monticello Public School District,2014,0.0666666666666667
0885,01,St. Michael-Albertville School Dist,2014,NA
0911,01,Cambridge-Isanti Public School Dist,2014,0
0916,06,Northeast Metro 916,2014,0.117647058823529
0917,06,Intermediate School District 917,2014,0.104166666666667
0991,83,Region 6 And 8-Sw/Wc Service Cooperative,2014,NA
1094,34,Fond Du Lac Ojibwe,2014,0.357142857142857
1435,34,Circle Of Life,2014,NA
2142,01,St. Louis County School District,2014,0.0476190476190476
2310,01,Sibley East School District,2014,0.181818181818182
2365,01,G.f.w. Public School District,2014,0.0909090909090909
2397,01,Le Sueur-Henderson School District,2014,0.0833333333333333
2752,01,Fairmont Area School District,2014,NA
2753,01,Long Prairie-Grey Eagle School District,2014,0
2859,01,Glencoe-Silver Lake School District,2014,NA
2890,01,Renville County West School Dist.,2014,0
2897,01,Redwood Area School District,2014,0.235294117647059
2898,01,Westbrook-Walnut Grove Schools,2014,0.1
2905,01,Tri-City United School District,2014,NA
4000,07,City Academy,2014,0
4015,07,Community Of Peace Academy,2014,0.0222222222222222
4017,07,Minnesota Transitions Charter School,2014,0.0431034482758621
4027,07,Higher Ground Academy,2014,0
4031,07,Jennings Community School,2014,0.142857142857143
4036,07,Face To Face Academy,2014,NA
4039,07,High School For Recording Arts,2014,0.112676056338028
4043,07,Math And Science Academy,2014,NA
4057,07,El Colegio Charter School,2014,0.272727272727273
4082,07,Bluesky Charter School,2014,0.28
4102,07,Minnesota Internship Center,2014,0.17741935483871
4103,07,Hmong College Prep Academy,2014,0.0581395348837209
4104,07,Paladin Career And Technical High School,2014,0
4107,07,Voyageurs Expeditionary,2014,0.4
4111,07,Augsburg Fairview Academy,2014,0.14
4112,07,St Paul Conservatory Performing Art,2014,0
4121,07,Ubah Medical Academy Charter School,2014,0.012987012987013
4126,07,Prairie Seeds Academy,2014,0.0192307692307692
4131,07,Metro Schools Charter,2014,0
4132,07,Twin Cities Academy,2014,NA
4178,07,Lincoln International School,2014,0.102040816326531
4200,07,Step Academy Charter School,2014,NA
4204,07,Rochester Stem Academy,2014,0
4237,07,Career Pathways,2014,NA
6018,61,Mn River Valley Education District,2014,0
6049,61,River Bend Education District,2014,NA
0000,01,Minneapolis-St. Paul International Airport,2014,NA
0001,01,Aitkin,2014,NA
0002,01,Hill City,2014,NA
0004,01,Mcgregor,2014,NA
0023,01,Frazee-Vergas,2014,NA
0025,01,Pine Point,2014,NA
0032,01,Blackduck,2014,NA
0036,01,Kelliher,2014,NA
0051,01,Foley,2014,NA
0075,01,St. Clair,2014,NA
0081,01,Comfrey,2014,NA
0084,01,Sleepy Eye,2014,NA
0085,01,Springfield,2014,NA
0088,01,New Ulm,2014,NA
0091,01,Barnum,2014,NA
0093,01,Carlton,2014,NA
0095,01,Cromwell-Wright,2014,NA
0097,01,Moose Lake,2014,NA
0099,01,Esko,2014,NA
0100,01,Wrenshall,2014,NA
0108,01,Central,2014,NA
0111,01,Watertown-Mayer,2014,NA
0113,01,Walker-Hackensack-Akeley,2014,NA
0116,01,Pillager,2014,NA
0118,01,Northland Community,2014,NA
0129,01,Montevideo,2014,NA
0138,01,North Branch,2014,NA
0139,01,Rush City,2014,NA
0146,01,Barnesville,2014,NA
0150,01,Hawley,2014,NA
0173,01,Mountain Lake,2014,NA
0177,01,Windom,2014,NA
0182,01,Crosby-Ironton,2014,NA
0186,01,Pequot Lakes,2014,NA
0195,01,Randolph,2014,NA
0203,01,Hayfield,2014,NA
0204,01,Kasson-Mantorville,2014,NA
0206,01,Alexandria,2014,NA
0213,01,Osakis,2014,NA
0227,01,Chatfield,2014,NA
0229,01,Lanesboro,2014,NA
0238,01,Mabel-Canton,2014,NA
0239,01,Rushford-Peterson,2014,NA
0242,01,Alden-Conger,2014,NA
0252,01,Cannon Falls,2014,NA
0253,01,Goodhue,2014,NA
0255,01,Pine Island,2014,NA
0256,01,Red Wing,2014,NA
0261,01,Ashby,2014,NA
0264,01,Herman-Norcross,2014,NA
0323,02,Franconia,2014,NA
0277,01,Westonka,2014,NA
0278,01,Orono,2014,NA
0297,01,Spring Grove,2014,NA
0299,01,Caledonia,2014,NA
0300,01,La Crescent-Hokah,2014,NA
0306,01,Laporte,2014,NA
0308,01,Nevis,2014,NA
0309,01,Park Rapids,2014,NA
0314,01,Braham,2014,NA
0316,01,Greenway,2014,NA
0319,01,Nashwauk-Keewatin,2014,NA
0330,01,Heron Lake-Okabena,2014,NA
0332,01,Mora,2014,NA
0333,01,Ogilvie,2014,NA
0345,01,New London-Spicer,2014,NA
0356,01,Lancaster,2014,NA
0361,01,International Falls,2014,NA
0362,01,Littlefork-Big Falls,2014,NA
0363,01,South Koochingching,2014,NA
0378,01,Dawson-Boyd,2014,NA
0381,01,Lake Superior,2014,NA
0390,01,Lake Of The Woods,2014,NA
0391,01,Cleveland,2014,NA
0402,01,Hendricks,2014,NA
0403,01,Ivanhoe,2014,NA
0404,01,Lake Benton,2014,NA
0414,01,Minneota,2014,NA
0415,01,Lynd,2014,NA
0423,01,Hutchinson,2014,NA
0441,01,Marshall County Central,2014,NA
0447,01,Grygla,2014,NA
0458,01,Truman,2014,NA
0463,01,Eden Valley-Watkins,2014,NA
0466,01,Dassel-Cokato,2014,NA
0473,01,Isle,2014,NA
0477,01,Princeton,2014,NA
0482,01,Little Falls,2014,NA
0484,01,Pierz,2014,NA
0485,01,Royalton,2014,NA
0486,01,Swanville,2014,NA
0487,01,Upsala,2014,NA
0495,01,Grand Meadow,2014,NA
0497,01,Lyle,2014,NA
0499,01,Leroy-Ostrander,2014,NA
0500,01,Southland,2014,NA
0505,01,Fulda,2014,NA
0507,01,Nicollet,2014,NA
0511,01,Adrian,2014,NA
0514,01,Ellsworth,2014,NA
0531,01,Byron,2014,NA
0533,01,Dover-Eyota,2014,NA
0534,01,Stewartville,2014,NA
0542,01,Battle Lake,2014,NA
0544,01,Fergus Falls,2014,NA
0545,01,Henning,2014,NA
0547,01,Parkers Prairie,2014,NA
0550,01,Underwood,2014,NA
0553,01,New York Mills,2014,NA
0561,01,Goodridge,2014,NA
0577,01,Willow River,2014,NA
0578,01,Pine City,2014,NA
0581,01,Edgerton,2014,NA
0592,01,Climax-Shelly,2014,NA
0595,01,East Grand Forks,2014,NA
0599,01,Fertile-Beltrami,2014,NA
0600,01,Fisher,2014,NA
0601,01,Fosston,2014,NA
0630,01,Red Lake Falls,2014,NA
0600,01,Fisher,2014,NA
0635,01,Milroy,2014,NA
0640,01,Wabasso,2014,NA
0671,01,Hills-Beaver Creek,2014,NA
0676,01,Badger,2014,NA
0682,01,Roseau,2014,NA
0695,01,Chisholm,2014,NA
0696,01,Ely,2014,NA
0698,01,Floodwood,2014,NA
0700,01,Hermantown,2014,NA
0701,01,Hibbing,2014,NA
0704,01,Proctor,2014,NA
0706,01,Virginia,2014,NA
0707,01,Nett Lake,2014,NA
0712,01,Mountain Iron-Buhl,2014,NA
0716,01,Belle Plaine,2014,NA
0726,01,Becker,2014,NA
0738,01,Holdingford,2014,NA
0739,01,Kimball,2014,NA
0741,01,Paynesville,2014,NA
0743,01,Sauk Centre,2014,NA
0745,01,Albany,2014,NA
0748,01,Sartell-St. Stephen,2014,NA
0756,01,Blooming Prairie,2014,NA
0763,01,Medford,2014,NA
0768,01,Hancock,2014,NA
0771,01,Chokio-Alberta,2014,NA
0775,01,Kerkhoven-Murdock-Sunburg,2014,NA
0777,01,Benson,2014,NA
0786,01,Bertha-Hewitt,2014,NA
0787,01,Browerville,2014,NA
0801,01,Browns Valley,2014,NA
0803,01,Wheaton Area,2014,NA
0811,01,Wabasha-Kellogg,2014,NA
0813,01,Lake City,2014,NA
0815,02,Prinsburg,2014,NA
0818,01,Verndale,2014,NA
0820,01,Sebeka,2014,NA
0821,01,Menahga,2014,NA
0836,01,Butterfiled-Odin,2014,NA
0846,01,Breckenridge,2014,NA
0850,01,Rothsay,2014,NA
0852,01,Campbell-Tintah,2014,NA
0857,01,Lewiston-Altura,2014,NA
0876,01,Annandale,2014,NA
0879,01,Delano,2014,NA
0881,01,Maple Lake,2014,NA
0883,01,Rockford,2014,NA
0891,01,Canby,2014,NA
0912,01,Milaca,2014,NA
0914,01,Ulen-Hitterdal,2014,NA
2071,01,Lake Crystal-Wellcome Memorial,2014,NA
2125,01,Triton,2014,NA
2134,01,United South Central,2014,NA
2135,01,Maple River,2014,NA
2137,01,Kingsland,2014,NA
2143,01,Waterville-Elysian-Morristown,2014,NA
2144,01,Chisago Lakes,2014,NA
2149,01,Minnewaska,2014,NA
2154,01,Eveleth-Gilbert,2014,NA
2155,01,Wadena-Deer Creek,2014,NA
2159,01,Buffalo Lake-Hector-Stewart,2014,NA
2164,01,Dilworth-Glyndon-Felton,2014,NA
2165,01,Hinkcley-Finlayson,2014,NA
2167,01,Lakeview,2014,NA
2168,01,N.r.h.e.g.,2014,NA
2169,01,Murray County Central,2014,NA
2170,01,Staples-Motley,2014,NA
2171,01,Kittson Central,2014,NA
2172,01,Kenyon-Wanamingo,2014,NA
2174,01,Pine River-Backus,2014,NA
2176,01,Warren-Alvarado-Oslo,2014,NA
2180,01,M.a.c.c.r.a.y,2014,NA
2184,01,Luverne,2014,NA
2190,01,Yellow Medicine East,2014,NA
2198,01,Fillmore Central,2014,NA
2215,01,Norman County East,2014,NA
2311,01,Clearbrook-Gonvick,2014,NA
2342,01,West Central Area,2014,NA
2358,01,Tri-County,2014,NA
2364,01,Belgrade-Brooten-Elrosa,2014,NA
2396,01,A.c.g.c.,2014,NA
2448,01,Martin County West,2014,NA
2527,01,Norman County West,2014,NA
2534,01,Bird Island-Olivia-Lake Lillian,2014,NA
2536,01,Granada-Huntley-East Chain,2014,NA
2580,01,East Central,2014,NA
2609,01,Win-E-Mac,2014,NA
2683,01,Greenbush-Middle River,2014,NA
2687,01,Howard Lake-Waverly-Winsted,2014,NA
2689,01,Pipestone Area,2014,NA
2711,01,Mesabi East,2014,NA
2754,01,Cedar Mountain,2014,NA
2759,01,Eagle Valley,2014,NA
2769,01,Morris Area,2014,NA
2805,01,Zumbrota-Mazeppa,2014,NA
2835,01,Janesville-Waldorf-Pemberton,2014,NA
2853,01,Lac Qui Parle Valley,2014,NA
2854,01,Ada-Borup,2014,NA
2856,01,Stephen-Argyle Central,2014,NA
2860,01,Blue Earth Area,2014,NA
2884,01,Red Rock Central,2014,NA
2886,01,Glenville-Emmons,2014,NA
2888,01,Clinton-Graceville-Beardsley,2014,NA
2889,01,Lake Park-Audubon,2014,NA
2895,01,Jackson Coutny Central,2014,NA
2899,01,Plainview-Elgin-Millville,2014,NA
2902,01,Russell-Tyler-Ruthton,2014,NA
2903,01,Ortonville,2014,NA
2904,01,Tracy Area,2014,NA
2906,01,Red Lake County Central,2014,NA
2908,01,Brandon-Evansville,2014,NA
2907,01,Round Lake-Brewster,2014,NA
0001,03,Minneapolis Public School District,2015,0.11025641025641
0006,03,South St. Paul Public School Dist.,2015,0.112676056338028
0011,01,Anoka-Hennepin Public School District,2015,0.0315186246418338
0012,01,Centennial Public School District,2015,0
0013,01,Columbia Heights Public School Dist,2015,0.0555555555555556
0014,01,Fridley Public School District,2015,0.0303030303030303
0015,01,St. Francis Public School District,2015,0.0833333333333333
0016,01,Spring Lake Park Public Schools,2015,0.0776699029126214
0022,01,Detroit Lakes Public School Dist.,2015,0.1
0031,01,Bemidji Public School District,2015,0.173076923076923
0038,01,Red Lake Public School District,2015,0.333333333333333
0047,01,Sauk Rapids-Rice Public Schools,2015,NA
0077,01,Mankato Public School District,2015,0.125
0094,01,Cloquet Public School District,2015,0.119047619047619
0110,01,Waconia Public School District,2015,0
0112,01,Eastern Carver County Public School,2015,0.0198019801980198
0115,01,Cass Lake-Bena Public Schools,2015,0.174603174603175
0152,01,Moorhead Public School District,2015,0.156626506024096
0162,01,Bagley Public School District,2015,0.416666666666667
0166,01,Cook County Public Schools,2015,NA
0181,01,Brainerd Public School District,2015,0.1
0191,01,Burnsville Public School District,2015,0.0644171779141104
0192,01,Farmington Public School District,2015,0.0555555555555556
0194,01,Lakeville Public School District,2015,0.0145985401459854
0196,01,Rosemount-Apple Valley-Eagan,2015,0.0154738878143133
0197,01,West St. Paul-Mendota Hts.-Eagan,2015,0.0638297872340425
0199,01,Inver Grove Heights Schools,2015,0.0674157303370786
0200,01,Hastings Public School District,2015,0
0241,01,Albert Lea Public School District,2015,0.148148148148148
0270,01,Hopkins Public School District,2015,0.032967032967033
0271,01,Bloomington Public School District,2015,0.0497076023391813
0272,01,Eden Prairie Public School District,2015,0.021978021978022
0273,01,Edina Public School District,2015,0.0173913043478261
0276,01,Minnetonka Public School District,2015,0
0279,01,Osseo Public School District,2015,0.0559345156889495
0280,01,Richfield Public School District,2015,0.0764331210191083
0281,01,Robbinsdale Public School District,2015,0.0705394190871369
0282,01,St. Anthony-New Brighton Schools,2015,0
0283,01,St. Louis Park Public School Dist.,2015,0.0350877192982456
0284,01,Wayzata Public School District,2015,0.00985221674876847
0286,01,Brooklyn Center School District,2015,0.0695652173913043
0287,06,Intermediate School District 287,2015,0.07981220657277
0288,06,Southwest Metro Intermediate 288,2015,NA
0294,01,Houston Public School District,2015,0.272727272727273
0317,01,Deer River Public School District,2015,0.153846153846154
0318,01,Grand Rapids Public School District,2015,0.037037037037037
0347,01,Willmar Public School District,2015,0.1
0413,01,Marshall Public School District,2015,0.125
0432,01,Mahnomen Public School District,2015,0.255813953488372
0435,01,Waubun-Ogema-White Earth Public Sch,2015,0.0666666666666667
0465,01,Litchfield Public School District,2015,0.272727272727273
0480,01,Onamia Public School District,2015,0.357142857142857
0492,01,Austin Public School District,2015,0.148514851485149
0508,01,St. Peter Public School District,2015,0.0869565217391304
0518,01,Worthington Public School District,2015,0.118421052631579
0535,01,Rochester Public School District,2015,0.0904255319148936
0548,01,Pelican Rapids Public School Dist.,2015,0.0714285714285714
0549,01,Perham-Dent Public School District,2015,NA
0564,01,Thief River Falls School District,2015,0.142857142857143
0593,01,Crookston Public School District,2015,0.210526315789474
0621,01,Mounds View Public School District,2015,0.0131004366812227
0622,01,North St Paul-Maplewood Oakdale Public School District,2015,0.042042042042042
0623,01,Roseville Public School District,2015,0.033175355450237
0624,01,White Bear Lake School District,2015,0.0305343511450382
0625,01,St. Paul Public School District,2015,0.0606203007518797
0656,01,Faribault Public School District,2015,0.0967741935483871
0659,01,Northfield Public School District,2015,0.0833333333333333
0690,01,Warroad Public School District,2015,NA
0709,01,Duluth Public School District,2015,0.115044247787611
0717,01,Jordan Public School District,2015,0
0719,01,Prior Lake-Savage Area Schools,2015,0.0333333333333333
0720,01,Shakopee Public School District,2015,0.0659340659340659
0721,01,New Prague Area Schools,2015,NA
0727,01,Big Lake Public School District,2015,NA
0728,01,Elk River Public School District,2015,0.0303030303030303
0740,01,Melrose Public School District,2015,0.0416666666666667
0742,01,St. Cloud Public School District,2015,0.0622406639004149
0750,01,Rocori Public School District,2015,NA
0761,01,Owatonna Public School District,2015,0.0769230769230769
0829,01,Waseca Public School District,2015,0.0588235294117647
0831,01,Forest Lake Public School District,2015,0.111111111111111
0832,01,Mahtomedi Public School District,2015,NA
0833,01,South Washington County School Dist,2015,0.0247933884297521
0834,01,Stillwater Area Public School Dist.,2015,0.0746268656716418
0837,01,Madelia Public School District,2015,0.166666666666667
0840,01,St. James Public School District,2015,0.0666666666666667
0858,01,St. Charles Public School District,2015,NA
0861,01,Winona Area Public School District,2015,0.032258064516129
0877,01,Buffalo-Hanover-Montrose Public Sch,2015,0.0833333333333333
0882,01,Monticello Public School District,2015,0
0885,01,St. Michael-Albertville School Dist,2015,0
0911,01,Cambridge-Isanti Public School Dist,2015,0
0916,06,Northeast Metro 916,2015,0.125
0917,06,Intermediate School District 917,2015,0.0517241379310345
0991,83,Region 6 And 8-Sw/Wc Service Cooperative,2015,NA
1094,34,Fond Du Lac Ojibwe,2015,0.15
1435,34,Circle Of Life,2015,NA
2142,01,St. Louis County School District,2015,0.0833333333333333
2310,01,Sibley East School District,2015,0.235294117647059
2365,01,G.f.w. Public School District,2015,0.142857142857143
2397,01,Le Sueur-Henderson School District,2015,NA
2752,01,Fairmont Area School District,2015,NA
2753,01,Long Prairie-Grey Eagle School District,2015,0.157894736842105
2859,01,Glencoe-Silver Lake School District,2015,0.0833333333333333
2890,01,Renville County West School Dist.,2015,NA
2897,01,Redwood Area School District,2015,0.25
2898,01,Westbrook-Walnut Grove Schools,2015,0
2905,01,Tri-City United School District,2015,0
4000,07,City Academy,2015,0
4015,07,Community Of Peace Academy,2015,0
4017,07,Minnesota Transitions Charter School,2015,0.089171974522293
4027,07,Higher Ground Academy,2015,0
4031,07,Jennings Community School,2015,0.181818181818182
4036,07,Face To Face Academy,2015,NA
4039,07,High School For Recording Arts,2015,0.0909090909090909
4043,07,Math And Science Academy,2015,NA
4057,07,El Colegio Charter School,2015,0.242424242424242
4082,07,Bluesky Charter School,2015,0.416666666666667
4102,07,Minnesota Internship Center,2015,0.190839694656489
4103,07,Hmong College Prep Academy,2015,0.0337078651685393
4104,07,Paladin Career And Technical High School,2015,0.0149253731343284
4107,07,Voyageurs Expeditionary,2015,NA
4111,07,Augsburg Fairview Academy,2015,0.161290322580645
4112,07,St Paul Conservatory Performing Art,2015,0
4121,07,Ubah Medical Academy Charter School,2015,0.0120481927710843
4126,07,Prairie Seeds Academy,2015,0.0307692307692308
4131,07,Metro Schools Charter,2015,0.0161290322580645
4132,07,Twin Cities Academy,2015,0
4178,07,Lincoln International School,2015,0.0612244897959184
4200,07,Step Academy Charter School,2015,0
4204,07,Rochester Stem Academy,2015,0.1
4237,07,Career Pathways,2015,NA
6018,61,Mn River Valley Education District,2015,0
6049,61,River Bend Education District,2015,NA
0000,01,Minneapolis-St. Paul International Airport,2015,NA
0001,01,Aitkin,2015,NA
0002,01,Hill City,2015,NA
0004,01,Mcgregor,2015,NA
0023,01,Frazee-Vergas,2015,NA
0025,01,Pine Point,2015,NA
0032,01,Blackduck,2015,NA
0036,01,Kelliher,2015,NA
0051,01,Foley,2015,NA
0075,01,St. Clair,2015,NA
0081,01,Comfrey,2015,NA
0084,01,Sleepy Eye,2015,NA
0085,01,Springfield,2015,NA
0088,01,New Ulm,2015,NA
0091,01,Barnum,2015,NA
0093,01,Carlton,2015,NA
0095,01,Cromwell-Wright,2015,NA
0097,01,Moose Lake,2015,NA
0099,01,Esko,2015,NA
0100,01,Wrenshall,2015,NA
0108,01,Central,2015,NA
0111,01,Watertown-Mayer,2015,NA
0113,01,Walker-Hackensack-Akeley,2015,NA
0116,01,Pillager,2015,NA
0118,01,Northland Community,2015,NA
0129,01,Montevideo,2015,NA
0138,01,North Branch,2015,NA
0139,01,Rush City,2015,NA
0146,01,Barnesville,2015,NA
0150,01,Hawley,2015,NA
0173,01,Mountain Lake,2015,NA
0177,01,Windom,2015,NA
0182,01,Crosby-Ironton,2015,NA
0186,01,Pequot Lakes,2015,NA
0195,01,Randolph,2015,NA
0203,01,Hayfield,2015,NA
0204,01,Kasson-Mantorville,2015,NA
0206,01,Alexandria,2015,NA
0213,01,Osakis,2015,NA
0227,01,Chatfield,2015,NA
0229,01,Lanesboro,2015,NA
0238,01,Mabel-Canton,2015,NA
0239,01,Rushford-Peterson,2015,NA
0242,01,Alden-Conger,2015,NA
0252,01,Cannon Falls,2015,NA
0253,01,Goodhue,2015,NA
0255,01,Pine Island,2015,NA
0256,01,Red Wing,2015,NA
0261,01,Ashby,2015,NA
0264,01,Herman-Norcross,2015,NA
0323,02,Franconia,2015,NA
0277,01,Westonka,2015,NA
0278,01,Orono,2015,NA
0297,01,Spring Grove,2015,NA
0299,01,Caledonia,2015,NA
0300,01,La Crescent-Hokah,2015,NA
0306,01,Laporte,2015,NA
0308,01,Nevis,2015,NA
0309,01,Park Rapids,2015,NA
0314,01,Braham,2015,NA
0316,01,Greenway,2015,NA
0319,01,Nashwauk-Keewatin,2015,NA
0330,01,Heron Lake-Okabena,2015,NA
0332,01,Mora,2015,NA
0333,01,Ogilvie,2015,NA
0345,01,New London-Spicer,2015,NA
0356,01,Lancaster,2015,NA
0361,01,International Falls,2015,NA
0362,01,Littlefork-Big Falls,2015,NA
0363,01,South Koochingching,2015,NA
0378,01,Dawson-Boyd,2015,NA
0381,01,Lake Superior,2015,NA
0390,01,Lake Of The Woods,2015,NA
0391,01,Cleveland,2015,NA
0402,01,Hendricks,2015,NA
0403,01,Ivanhoe,2015,NA
0404,01,Lake Benton,2015,NA
0414,01,Minneota,2015,NA
0415,01,Lynd,2015,NA
0423,01,Hutchinson,2015,NA
0441,01,Marshall County Central,2015,NA
0447,01,Grygla,2015,NA
0458,01,Truman,2015,NA
0463,01,Eden Valley-Watkins,2015,NA
0466,01,Dassel-Cokato,2015,NA
0473,01,Isle,2015,NA
0477,01,Princeton,2015,NA
0482,01,Little Falls,2015,NA
0484,01,Pierz,2015,NA
0485,01,Royalton,2015,NA
0486,01,Swanville,2015,NA
0487,01,Upsala,2015,NA
0495,01,Grand Meadow,2015,NA
0497,01,Lyle,2015,NA
0499,01,Leroy-Ostrander,2015,NA
0500,01,Southland,2015,NA
0505,01,Fulda,2015,NA
0507,01,Nicollet,2015,NA
0511,01,Adrian,2015,NA
0514,01,Ellsworth,2015,NA
0531,01,Byron,2015,NA
0533,01,Dover-Eyota,2015,NA
0534,01,Stewartville,2015,NA
0542,01,Battle Lake,2015,NA
0544,01,Fergus Falls,2015,NA
0545,01,Henning,2015,NA
0547,01,Parkers Prairie,2015,NA
0550,01,Underwood,2015,NA
0553,01,New York Mills,2015,NA
0561,01,Goodridge,2015,NA
0577,01,Willow River,2015,NA
0578,01,Pine City,2015,NA
0581,01,Edgerton,2015,NA
0592,01,Climax-Shelly,2015,NA
0595,01,East Grand Forks,2015,NA
0599,01,Fertile-Beltrami,2015,NA
0600,01,Fisher,2015,NA
0601,01,Fosston,2015,NA
0630,01,Red Lake Falls,2015,NA
0600,01,Fisher,2015,NA
0635,01,Milroy,2015,NA
0640,01,Wabasso,2015,NA
0671,01,Hills-Beaver Creek,2015,NA
0676,01,Badger,2015,NA
0682,01,Roseau,2015,NA
0695,01,Chisholm,2015,NA
0696,01,Ely,2015,NA
0698,01,Floodwood,2015,NA
0700,01,Hermantown,2015,NA
0701,01,Hibbing,2015,NA
0704,01,Proctor,2015,NA
0706,01,Virginia,2015,NA
0707,01,Nett Lake,2015,NA
0712,01,Mountain Iron-Buhl,2015,NA
0716,01,Belle Plaine,2015,NA
0726,01,Becker,2015,NA
0738,01,Holdingford,2015,NA
0739,01,Kimball,2015,NA
0741,01,Paynesville,2015,NA
0743,01,Sauk Centre,2015,NA
0745,01,Albany,2015,NA
0748,01,Sartell-St. Stephen,2015,NA
0756,01,Blooming Prairie,2015,NA
0763,01,Medford,2015,NA
0768,01,Hancock,2015,NA
0771,01,Chokio-Alberta,2015,NA
0775,01,Kerkhoven-Murdock-Sunburg,2015,NA
0777,01,Benson,2015,NA
0786,01,Bertha-Hewitt,2015,NA
0787,01,Browerville,2015,NA
0801,01,Browns Valley,2015,NA
0803,01,Wheaton Area,2015,NA
0811,01,Wabasha-Kellogg,2015,NA
0813,01,Lake City,2015,NA
0815,02,Prinsburg,2015,NA
0818,01,Verndale,2015,NA
0820,01,Sebeka,2015,NA
0821,01,Menahga,2015,NA
0836,01,Butterfiled-Odin,2015,NA
0846,01,Breckenridge,2015,NA
0850,01,Rothsay,2015,NA
0852,01,Campbell-Tintah,2015,NA
0857,01,Lewiston-Altura,2015,NA
0876,01,Annandale,2015,NA
0879,01,Delano,2015,NA
0881,01,Maple Lake,2015,NA
0883,01,Rockford,2015,NA
0891,01,Canby,2015,NA
0912,01,Milaca,2015,NA
0914,01,Ulen-Hitterdal,2015,NA
2071,01,Lake Crystal-Wellcome Memorial,2015,NA
2125,01,Triton,2015,NA
2134,01,United South Central,2015,NA
2135,01,Maple River,2015,NA
2137,01,Kingsland,2015,NA
2143,01,Waterville-Elysian-Morristown,2015,NA
2144,01,Chisago Lakes,2015,NA
2149,01,Minnewaska,2015,NA
2154,01,Eveleth-Gilbert,2015,NA
2155,01,Wadena-Deer Creek,2015,NA
2159,01,Buffalo Lake-Hector-Stewart,2015,NA
2164,01,Dilworth-Glyndon-Felton,2015,NA
2165,01,Hinkcley-Finlayson,2015,NA
2167,01,Lakeview,2015,NA
2168,01,N.r.h.e.g.,2015,NA
2169,01,Murray County Central,2015,NA
2170,01,Staples-Motley,2015,NA
2171,01,Kittson Central,2015,NA
2172,01,Kenyon-Wanamingo,2015,NA
2174,01,Pine River-Backus,2015,NA
2176,01,Warren-Alvarado-Oslo,2015,NA
2180,01,M.a.c.c.r.a.y,2015,NA
2184,01,Luverne,2015,NA
2190,01,Yellow Medicine East,2015,NA
2198,01,Fillmore Central,2015,NA
2215,01,Norman County East,2015,NA
2311,01,Clearbrook-Gonvick,2015,NA
2342,01,West Central Area,2015,NA
2358,01,Tri-County,2015,NA
2364,01,Belgrade-Brooten-Elrosa,2015,NA
2396,01,A.c.g.c.,2015,NA
2448,01,Martin County West,2015,NA
2527,01,Norman County West,2015,NA
2534,01,Bird Island-Olivia-Lake Lillian,2015,NA
2536,01,Granada-Huntley-East Chain,2015,NA
2580,01,East Central,2015,NA
2609,01,Win-E-Mac,2015,NA
2683,01,Greenbush-Middle River,2015,NA
2687,01,Howard Lake-Waverly-Winsted,2015,NA
2689,01,Pipestone Area,2015,NA
2711,01,Mesabi East,2015,NA
2754,01,Cedar Mountain,2015,NA
2759,01,Eagle Valley,2015,NA
2769,01,Morris Area,2015,NA
2805,01,Zumbrota-Mazeppa,2015,NA
2835,01,Janesville-Waldorf-Pemberton,2015,NA
2853,01,Lac Qui Parle Valley,2015,NA
2854,01,Ada-Borup,2015,NA
2856,01,Stephen-Argyle Central,2015,NA
2860,01,Blue Earth Area,2015,NA
2884,01,Red Rock Central,2015,NA
2886,01,Glenville-Emmons,2015,NA
2888,01,Clinton-Graceville-Beardsley,2015,NA
2889,01,Lake Park-Audubon,2015,NA
2895,01,Jackson Coutny Central,2015,NA
2899,01,Plainview-Elgin-Millville,2015,NA
2902,01,Russell-Tyler-Ruthton,2015,NA
2903,01,Ortonville,2015,NA
2904,01,Tracy Area,2015,NA
2906,01,Red Lake County Central,2015,NA
2908,01,Brandon-Evansville,2015,NA
2907,01,Round Lake-Brewster,2015,NA
0001,03,Minneapolis Public School District,2016,0.096130592503023
0006,03,South St. Paul Public School Dist.,2016,0.135135135135135
0011,01,Anoka-Hennepin Public School District,2016,0.0482954545454545
0012,01,Centennial Public School District,2016,0
0013,01,Columbia Heights Public School Dist,2016,0.036231884057971
0014,01,Fridley Public School District,2016,0.0273972602739726
0015,01,St. Francis Public School District,2016,0.0384615384615385
0016,01,Spring Lake Park Public Schools,2016,0.0935251798561151
0022,01,Detroit Lakes Public School Dist.,2016,0.148148148148148
0031,01,Bemidji Public School District,2016,0.203389830508475
0038,01,Red Lake Public School District,2016,0.351063829787234
0047,01,Sauk Rapids-Rice Public Schools,2016,NA
0077,01,Mankato Public School District,2016,0.168316831683168
0094,01,Cloquet Public School District,2016,0.0555555555555556
0110,01,Waconia Public School District,2016,0
0112,01,Eastern Carver County Public School,2016,0.0333333333333333
0115,01,Cass Lake-Bena Public Schools,2016,0.130434782608696
0152,01,Moorhead Public School District,2016,0.141025641025641
0162,01,Bagley Public School District,2016,0.307692307692308
0166,01,Cook County Public Schools,2016,NA
0181,01,Brainerd Public School District,2016,0
0191,01,Burnsville Public School District,2016,0.0728476821192053
0192,01,Farmington Public School District,2016,0.025
0194,01,Lakeville Public School District,2016,0.0267857142857143
0196,01,Rosemount-Apple Valley-Eagan,2016,0.0442477876106195
0197,01,West St. Paul-Mendota Hts.-Eagan,2016,0.0983606557377049
0199,01,Inver Grove Heights Schools,2016,0.00833333333333333
0200,01,Hastings Public School District,2016,NA
0241,01,Albert Lea Public School District,2016,0.128205128205128
0270,01,Hopkins Public School District,2016,0.032258064516129
0271,01,Bloomington Public School District,2016,0.0253164556962025
0272,01,Eden Prairie Public School District,2016,0.00613496932515337
0273,01,Edina Public School District,2016,0.00793650793650794
0276,01,Minnetonka Public School District,2016,0
0279,01,Osseo Public School District,2016,0.061711079943899
0280,01,Richfield Public School District,2016,0.087719298245614
0281,01,Robbinsdale Public School District,2016,0.0903490759753593
0282,01,St. Anthony-New Brighton Schools,2016,0
0283,01,St. Louis Park Public School Dist.,2016,0.0569105691056911
0284,01,Wayzata Public School District,2016,0.00591715976331361
0286,01,Brooklyn Center School District,2016,0.072463768115942
0287,06,Intermediate School District 287,2016,0.116883116883117
0288,06,Southwest Metro Intermediate 288,2016,NA
0294,01,Houston Public School District,2016,0.155555555555556
0317,01,Deer River Public School District,2016,0.0714285714285714
0318,01,Grand Rapids Public School District,2016,0.0384615384615385
0347,01,Willmar Public School District,2016,0.183333333333333
0413,01,Marshall Public School District,2016,0.193548387096774
0432,01,Mahnomen Public School District,2016,0.157894736842105
0435,01,Waubun-Ogema-White Earth Public Sch,2016,0.0769230769230769
0465,01,Litchfield Public School District,2016,0.2
0480,01,Onamia Public School District,2016,0.363636363636364
0492,01,Austin Public School District,2016,0.109090909090909
0508,01,St. Peter Public School District,2016,0.178571428571429
0518,01,Worthington Public School District,2016,0.083969465648855
0535,01,Rochester Public School District,2016,0.0556962025316456
0548,01,Pelican Rapids Public School Dist.,2016,0.025
0549,01,Perham-Dent Public School District,2016,NA
0564,01,Thief River Falls School District,2016,0.1
0593,01,Crookston Public School District,2016,0.0666666666666667
0621,01,Mounds View Public School District,2016,0.0196078431372549
0622,01,North St Paul-Maplewood Oakdale Public School District,2016,0.0251572327044025
0623,01,Roseville Public School District,2016,0.0532319391634981
0624,01,White Bear Lake School District,2016,0.0427350427350427
0625,01,St. Paul Public School District,2016,0.0769605455431076
0656,01,Faribault Public School District,2016,0.0533333333333333
0659,01,Northfield Public School District,2016,0.0571428571428571
0690,01,Warroad Public School District,2016,0.272727272727273
0709,01,Duluth Public School District,2016,0.180555555555556
0717,01,Jordan Public School District,2016,0.166666666666667
0719,01,Prior Lake-Savage Area Schools,2016,0.0125
0720,01,Shakopee Public School District,2016,0.0543478260869565
0721,01,New Prague Area Schools,2016,NA
0727,01,Big Lake Public School District,2016,NA
0728,01,Elk River Public School District,2016,0.0459770114942529
0740,01,Melrose Public School District,2016,0.142857142857143
0742,01,St. Cloud Public School District,2016,0.0649350649350649
0750,01,Rocori Public School District,2016,NA
0761,01,Owatonna Public School District,2016,0.123076923076923
0829,01,Waseca Public School District,2016,NA
0831,01,Forest Lake Public School District,2016,0.0357142857142857
0832,01,Mahtomedi Public School District,2016,NA
0833,01,South Washington County School Dist,2016,0.0273972602739726
0834,01,Stillwater Area Public School Dist.,2016,0.108695652173913
0837,01,Madelia Public School District,2016,0.2
0840,01,St. James Public School District,2016,0.133333333333333
0858,01,St. Charles Public School District,2016,NA
0861,01,Winona Area Public School District,2016,0.0434782608695652
0877,01,Buffalo-Hanover-Montrose Public Sch,2016,0.25
0882,01,Monticello Public School District,2016,0
0885,01,St. Michael-Albertville School Dist,2016,0
0911,01,Cambridge-Isanti Public School Dist,2016,0
0916,06,Northeast Metro 916,2016,0.0802919708029197
0917,06,Intermediate School District 917,2016,0.0674157303370786
0991,83,Region 6 And 8-Sw/Wc Service Cooperative,2016,NA
1094,34,Fond Du Lac Ojibwe,2016,0.357142857142857
1435,34,Circle Of Life,2016,0.166666666666667
2142,01,St. Louis County School District,2016,0.148148148148148
2310,01,Sibley East School District,2016,NA
2365,01,G.f.w. Public School District,2016,0.133333333333333
2397,01,Le Sueur-Henderson School District,2016,0
2752,01,Fairmont Area School District,2016,NA
2753,01,Long Prairie-Grey Eagle School District,2016,0.125
2859,01,Glencoe-Silver Lake School District,2016,0.214285714285714
2890,01,Renville County West School Dist.,2016,0.2
2897,01,Redwood Area School District,2016,0.222222222222222
2898,01,Westbrook-Walnut Grove Schools,2016,NA
2905,01,Tri-City United School District,2016,0
4000,07,City Academy,2016,0.0169491525423729
4015,07,Community Of Peace Academy,2016,0.0175438596491228
4017,07,Minnesota Transitions Charter School,2016,0.10738255033557
4027,07,Higher Ground Academy,2016,0
4031,07,Jennings Community School,2016,0
4036,07,Face To Face Academy,2016,NA
4039,07,High School For Recording Arts,2016,0.0917431192660551
4043,07,Math And Science Academy,2016,NA
4057,07,El Colegio Charter School,2016,0.2
4082,07,Bluesky Charter School,2016,0.461538461538462
4102,07,Minnesota Internship Center,2016,0.0902255639097744
4103,07,Hmong College Prep Academy,2016,0.0526315789473684
4104,07,Paladin Career And Technical High School,2016,0.037037037037037
4107,07,Voyageurs Expeditionary,2016,NA
4111,07,Augsburg Fairview Academy,2016,0.0909090909090909
4112,07,St Paul Conservatory Performing Art,2016,0.0833333333333333
4121,07,Ubah Medical Academy Charter School,2016,0.010989010989011
4126,07,Prairie Seeds Academy,2016,0.015625
4131,07,Metro Schools Charter,2016,0.046875
4132,07,Twin Cities Academy,2016,NA
4178,07,Lincoln International School,2016,0.106382978723404
4200,07,Step Academy Charter School,2016,0
4204,07,Rochester Stem Academy,2016,0.0434782608695652
4237,07,Career Pathways,2016,0.0833333333333333
6018,61,Mn River Valley Education District,2016,0
6049,61,River Bend Education District,2016,0.230769230769231
0000,01,Minneapolis-St. Paul International Airport,2016,NA
0001,01,Aitkin,2016,NA
0002,01,Hill City,2016,NA
0004,01,Mcgregor,2016,NA
0023,01,Frazee-Vergas,2016,NA
0025,01,Pine Point,2016,NA
0032,01,Blackduck,2016,NA
0036,01,Kelliher,2016,NA
0051,01,Foley,2016,NA
0075,01,St. Clair,2016,NA
0081,01,Comfrey,2016,NA
0084,01,Sleepy Eye,2016,NA
0085,01,Springfield,2016,NA
0088,01,New Ulm,2016,NA
0091,01,Barnum,2016,NA
0093,01,Carlton,2016,NA
0095,01,Cromwell-Wright,2016,NA
0097,01,Moose Lake,2016,NA
0099,01,Esko,2016,NA
0100,01,Wrenshall,2016,NA
0108,01,Central,2016,NA
0111,01,Watertown-Mayer,2016,NA
0113,01,Walker-Hackensack-Akeley,2016,NA
0116,01,Pillager,2016,NA
0118,01,Northland Community,2016,NA
0129,01,Montevideo,2016,NA
0138,01,North Branch,2016,NA
0139,01,Rush City,2016,NA
0146,01,Barnesville,2016,NA
0150,01,Hawley,2016,NA
0173,01,Mountain Lake,2016,NA
0177,01,Windom,2016,NA
0182,01,Crosby-Ironton,2016,NA
0186,01,Pequot Lakes,2016,NA
0195,01,Randolph,2016,NA
0203,01,Hayfield,2016,NA
0204,01,Kasson-Mantorville,2016,NA
0206,01,Alexandria,2016,NA
0213,01,Osakis,2016,NA
0227,01,Chatfield,2016,NA
0229,01,Lanesboro,2016,NA
0238,01,Mabel-Canton,2016,NA
0239,01,Rushford-Peterson,2016,NA
0242,01,Alden-Conger,2016,NA
0252,01,Cannon Falls,2016,NA
0253,01,Goodhue,2016,NA
0255,01,Pine Island,2016,NA
0256,01,Red Wing,2016,NA
0261,01,Ashby,2016,NA
0264,01,Herman-Norcross,2016,NA
0323,02,Franconia,2016,NA
0277,01,Westonka,2016,NA
0278,01,Orono,2016,NA
0297,01,Spring Grove,2016,NA
0299,01,Caledonia,2016,NA
0300,01,La Crescent-Hokah,2016,NA
0306,01,Laporte,2016,NA
0308,01,Nevis,2016,NA
0309,01,Park Rapids,2016,NA
0314,01,Braham,2016,NA
0316,01,Greenway,2016,NA
0319,01,Nashwauk-Keewatin,2016,NA
0330,01,Heron Lake-Okabena,2016,NA
0332,01,Mora,2016,NA
0333,01,Ogilvie,2016,NA
0345,01,New London-Spicer,2016,NA
0356,01,Lancaster,2016,NA
0361,01,International Falls,2016,NA
0362,01,Littlefork-Big Falls,2016,NA
0363,01,South Koochingching,2016,NA
0378,01,Dawson-Boyd,2016,NA
0381,01,Lake Superior,2016,NA
0390,01,Lake Of The Woods,2016,NA
0391,01,Cleveland,2016,NA
0402,01,Hendricks,2016,NA
0403,01,Ivanhoe,2016,NA
0404,01,Lake Benton,2016,NA
0414,01,Minneota,2016,NA
0415,01,Lynd,2016,NA
0423,01,Hutchinson,2016,NA
0441,01,Marshall County Central,2016,NA
0447,01,Grygla,2016,NA
0458,01,Truman,2016,NA
0463,01,Eden Valley-Watkins,2016,NA
0466,01,Dassel-Cokato,2016,NA
0473,01,Isle,2016,NA
0477,01,Princeton,2016,NA
0482,01,Little Falls,2016,NA
0484,01,Pierz,2016,NA
0485,01,Royalton,2016,NA
0486,01,Swanville,2016,NA
0487,01,Upsala,2016,NA
0495,01,Grand Meadow,2016,NA
0497,01,Lyle,2016,NA
0499,01,Leroy-Ostrander,2016,NA
0500,01,Southland,2016,NA
0505,01,Fulda,2016,NA
0507,01,Nicollet,2016,NA
0511,01,Adrian,2016,NA
0514,01,Ellsworth,2016,NA
0531,01,Byron,2016,NA
0533,01,Dover-Eyota,2016,NA
0534,01,Stewartville,2016,NA
0542,01,Battle Lake,2016,NA
0544,01,Fergus Falls,2016,NA
0545,01,Henning,2016,NA
0547,01,Parkers Prairie,2016,NA
0550,01,Underwood,2016,NA
0553,01,New York Mills,2016,NA
0561,01,Goodridge,2016,NA
0577,01,Willow River,2016,NA
0578,01,Pine City,2016,NA
0581,01,Edgerton,2016,NA
0592,01,Climax-Shelly,2016,NA
0595,01,East Grand Forks,2016,NA
0599,01,Fertile-Beltrami,2016,NA
0600,01,Fisher,2016,NA
0601,01,Fosston,2016,NA
0630,01,Red Lake Falls,2016,NA
0600,01,Fisher,2016,NA
0635,01,Milroy,2016,NA
0640,01,Wabasso,2016,NA
0671,01,Hills-Beaver Creek,2016,NA
0676,01,Badger,2016,NA
0682,01,Roseau,2016,NA
0695,01,Chisholm,2016,NA
0696,01,Ely,2016,NA
0698,01,Floodwood,2016,NA
0700,01,Hermantown,2016,NA
0701,01,Hibbing,2016,NA
0704,01,Proctor,2016,NA
0706,01,Virginia,2016,NA
0707,01,Nett Lake,2016,NA
0712,01,Mountain Iron-Buhl,2016,NA
0716,01,Belle Plaine,2016,NA
0726,01,Becker,2016,NA
0738,01,Holdingford,2016,NA
0739,01,Kimball,2016,NA
0741,01,Paynesville,2016,NA
0743,01,Sauk Centre,2016,NA
0745,01,Albany,2016,NA
0748,01,Sartell-St. Stephen,2016,NA
0756,01,Blooming Prairie,2016,NA
0763,01,Medford,2016,NA
0768,01,Hancock,2016,NA
0771,01,Chokio-Alberta,2016,NA
0775,01,Kerkhoven-Murdock-Sunburg,2016,NA
0777,01,Benson,2016,NA
0786,01,Bertha-Hewitt,2016,NA
0787,01,Browerville,2016,NA
0801,01,Browns Valley,2016,NA
0803,01,Wheaton Area,2016,NA
0811,01,Wabasha-Kellogg,2016,NA
0813,01,Lake City,2016,NA
0815,02,Prinsburg,2016,NA
0818,01,Verndale,2016,NA
0820,01,Sebeka,2016,NA
0821,01,Menahga,2016,NA
0836,01,Butterfiled-Odin,2016,NA
0846,01,Breckenridge,2016,NA
0850,01,Rothsay,2016,NA
0852,01,Campbell-Tintah,2016,NA
0857,01,Lewiston-Altura,2016,NA
0876,01,Annandale,2016,NA
0879,01,Delano,2016,NA
0881,01,Maple Lake,2016,NA
0883,01,Rockford,2016,NA
0891,01,Canby,2016,NA
0912,01,Milaca,2016,NA
0914,01,Ulen-Hitterdal,2016,NA
2071,01,Lake Crystal-Wellcome Memorial,2016,NA
2125,01,Triton,2016,NA
2134,01,United South Central,2016,NA
2135,01,Maple River,2016,NA
2137,01,Kingsland,2016,NA
2143,01,Waterville-Elysian-Morristown,2016,NA
2144,01,Chisago Lakes,2016,NA
2149,01,Minnewaska,2016,NA
2154,01,Eveleth-Gilbert,2016,NA
2155,01,Wadena-Deer Creek,2016,NA
2159,01,Buffalo Lake-Hector-Stewart,2016,NA
2164,01,Dilworth-Glyndon-Felton,2016,NA
2165,01,Hinkcley-Finlayson,2016,NA
2167,01,Lakeview,2016,NA
2168,01,N.r.h.e.g.,2016,NA
2169,01,Murray County Central,2016,NA
2170,01,Staples-Motley,2016,NA
2171,01,Kittson Central,2016,NA
2172,01,Kenyon-Wanamingo,2016,NA
2174,01,Pine River-Backus,2016,NA
2176,01,Warren-Alvarado-Oslo,2016,NA
2180,01,M.a.c.c.r.a.y,2016,NA
2184,01,Luverne,2016,NA
2190,01,Yellow Medicine East,2016,NA
2198,01,Fillmore Central,2016,NA
2215,01,Norman County East,2016,NA
2311,01,Clearbrook-Gonvick,2016,NA
2342,01,West Central Area,2016,NA
2358,01,Tri-County,2016,NA
2364,01,Belgrade-Brooten-Elrosa,2016,NA
2396,01,A.c.g.c.,2016,NA
2448,01,Martin County West,2016,NA
2527,01,Norman County West,2016,NA
2534,01,Bird Island-Olivia-Lake Lillian,2016,NA
2536,01,Granada-Huntley-East Chain,2016,NA
2580,01,East Central,2016,NA
2609,01,Win-E-Mac,2016,NA
2683,01,Greenbush-Middle River,2016,NA
2687,01,Howard Lake-Waverly-Winsted,2016,NA
2689,01,Pipestone Area,2016,NA
2711,01,Mesabi East,2016,NA
2754,01,Cedar Mountain,2016,NA
2759,01,Eagle Valley,2016,NA
2769,01,Morris Area,2016,NA
2805,01,Zumbrota-Mazeppa,2016,NA
2835,01,Janesville-Waldorf-Pemberton,2016,NA
2853,01,Lac Qui Parle Valley,2016,NA
2854,01,Ada-Borup,2016,NA
2856,01,Stephen-Argyle Central,2016,NA
2860,01,Blue Earth Area,2016,NA
2884,01,Red Rock Central,2016,NA
2886,01,Glenville-Emmons,2016,NA
2888,01,Clinton-Graceville-Beardsley,2016,NA
2889,01,Lake Park-Audubon,2016,NA
2895,01,Jackson Coutny Central,2016,NA
2899,01,Plainview-Elgin-Millville,2016,NA
2902,01,Russell-Tyler-Ruthton,2016,NA
2903,01,Ortonville,2016,NA
2904,01,Tracy Area,2016,NA
2906,01,Red Lake County Central,2016,NA
2908,01,Brandon-Evansville,2016,NA
2907,01,Round Lake-Brewster,2016,NA
0001,03,Minneapolis Public School District,2017,0.104720564297341
0006,03,South St. Paul Public School Dist.,2017,0.0821917808219178
0011,01,Anoka-Hennepin Public School District,2017,0.0427672955974843
0012,01,Centennial Public School District,2017,0.025974025974026
0013,01,Columbia Heights Public School Dist,2017,0.0687022900763359
0014,01,Fridley Public School District,2017,0.0444444444444444
0015,01,St. Francis Public School District,2017,0
0016,01,Spring Lake Park Public Schools,2017,0.0887096774193548
0022,01,Detroit Lakes Public School Dist.,2017,0.18
0031,01,Bemidji Public School District,2017,0.225806451612903
0038,01,Red Lake Public School District,2017,0.33695652173913
0047,01,Sauk Rapids-Rice Public Schools,2017,0
0077,01,Mankato Public School District,2017,0.083969465648855
0094,01,Cloquet Public School District,2017,0.146341463414634
0110,01,Waconia Public School District,2017,0
0112,01,Eastern Carver County Public School,2017,0.0222222222222222
0115,01,Cass Lake-Bena Public Schools,2017,0.25974025974026
0152,01,Moorhead Public School District,2017,0.121951219512195
0162,01,Bagley Public School District,2017,0.105263157894737
0166,01,Cook County Public Schools,2017,0.0833333333333333
0181,01,Brainerd Public School District,2017,0.192307692307692
0191,01,Burnsville Public School District,2017,0.0757097791798107
0192,01,Farmington Public School District,2017,0.0925925925925926
0194,01,Lakeville Public School District,2017,0.0078740157480315
0196,01,Rosemount-Apple Valley-Eagan,2017,0.0413793103448276
0197,01,West St. Paul-Mendota Hts.-Eagan,2017,0.0442477876106195
0199,01,Inver Grove Heights Schools,2017,0.08
0200,01,Hastings Public School District,2017,0.0344827586206897
0241,01,Albert Lea Public School District,2017,0.196428571428571
0270,01,Hopkins Public School District,2017,0.0397727272727273
0271,01,Bloomington Public School District,2017,0.0266666666666667
0272,01,Eden Prairie Public School District,2017,0.0585585585585586
0273,01,Edina Public School District,2017,0.00636942675159236
0276,01,Minnetonka Public School District,2017,0
0279,01,Osseo Public School District,2017,0.0594936708860759
0280,01,Richfield Public School District,2017,0.0894736842105263
0281,01,Robbinsdale Public School District,2017,0.0866807610993657
0282,01,St. Anthony-New Brighton Schools,2017,0.0238095238095238
0283,01,St. Louis Park Public School Dist.,2017,0.016
0284,01,Wayzata Public School District,2017,0.0138888888888889
0286,01,Brooklyn Center School District,2017,0.0526315789473684
0287,06,Intermediate School District 287,2017,0.132947976878613
0288,06,Southwest Metro Intermediate 288,2017,0
0294,01,Houston Public School District,2017,0.25
0317,01,Deer River Public School District,2017,0.266666666666667
0318,01,Grand Rapids Public School District,2017,0.075
0347,01,Willmar Public School District,2017,0.160839160839161
0413,01,Marshall Public School District,2017,0.196969696969697
0432,01,Mahnomen Public School District,2017,0.28
0435,01,Waubun-Ogema-White Earth Public Sch,2017,0.238095238095238
0465,01,Litchfield Public School District,2017,0
0480,01,Onamia Public School District,2017,0.538461538461538
0492,01,Austin Public School District,2017,0.18018018018018
0508,01,St. Peter Public School District,2017,0.192307692307692
0518,01,Worthington Public School District,2017,0.18232044198895
0535,01,Rochester Public School District,2017,0.0707547169811321
0548,01,Pelican Rapids Public School Dist.,2017,0.1875
0549,01,Perham-Dent Public School District,2017,0.3
0564,01,Thief River Falls School District,2017,0.230769230769231
0593,01,Crookston Public School District,2017,0.111111111111111
0621,01,Mounds View Public School District,2017,0.0134228187919463
0622,01,North St Paul-Maplewood Oakdale Public School District,2017,0.0457142857142857
0623,01,Roseville Public School District,2017,0.0328467153284672
0624,01,White Bear Lake School District,2017,0.0461538461538462
0625,01,St. Paul Public School District,2017,0.0920988851187591
0656,01,Faribault Public School District,2017,0.207207207207207
0659,01,Northfield Public School District,2017,0.0588235294117647
0690,01,Warroad Public School District,2017,0
0709,01,Duluth Public School District,2017,0.118518518518519
0717,01,Jordan Public School District,2017,0.2
0719,01,Prior Lake-Savage Area Schools,2017,0.0138888888888889
0720,01,Shakopee Public School District,2017,0.0680851063829787
0721,01,New Prague Area Schools,2017,0.0909090909090909
0727,01,Big Lake Public School District,2017,0
0728,01,Elk River Public School District,2017,0.0348837209302326
0740,01,Melrose Public School District,2017,0.0357142857142857
0742,01,St. Cloud Public School District,2017,0.0625
0750,01,Rocori Public School District,2017,0.0769230769230769
0761,01,Owatonna Public School District,2017,0.078125
0829,01,Waseca Public School District,2017,0.142857142857143
0831,01,Forest Lake Public School District,2017,0.02
0832,01,Mahtomedi Public School District,2017,0
0833,01,South Washington County School Dist,2017,0.0378787878787879
0834,01,Stillwater Area Public School Dist.,2017,0.0338983050847458
0837,01,Madelia Public School District,2017,0.538461538461538
0840,01,St. James Public School District,2017,0.117647058823529
0858,01,St. Charles Public School District,2017,0
0861,01,Winona Area Public School District,2017,0.115384615384615
0877,01,Buffalo-Hanover-Montrose Public Sch,2017,0.08
0882,01,Monticello Public School District,2017,0.2
0885,01,St. Michael-Albertville School Dist,2017,0.0909090909090909
0911,01,Cambridge-Isanti Public School Dist,2017,0
0916,06,Northeast Metro 916,2017,0.114864864864865
0917,06,Intermediate School District 917,2017,0.0769230769230769
0991,83,Region 6 And 8-Sw/Wc Service Cooperative,2017,0.1
1094,34,Fond Du Lac Ojibwe,2017,0.333333333333333
1435,34,Circle Of Life,2017,0.0666666666666667
2142,01,St. Louis County School District,2017,0.0689655172413793
2310,01,Sibley East School District,2017,0.0769230769230769
2365,01,G.f.w. Public School District,2017,0.133333333333333
2397,01,Le Sueur-Henderson School District,2017,0.1
2752,01,Fairmont Area School District,2017,0.294117647058824
2753,01,Long Prairie-Grey Eagle School District,2017,0
2859,01,Glencoe-Silver Lake School District,2017,0.2
2890,01,Renville County West School Dist.,2017,0.272727272727273
2897,01,Redwood Area School District,2017,0
2898,01,Westbrook-Walnut Grove Schools,2017,0
2905,01,Tri-City United School District,2017,0.111111111111111
4000,07,City Academy,2017,0
4015,07,Community Of Peace Academy,2017,0
4017,07,Minnesota Transitions Charter School,2017,0.0662251655629139
4027,07,Higher Ground Academy,2017,0.0256410256410256
4031,07,Jennings Community School,2017,0.0625
4036,07,Face To Face Academy,2017,0.0833333333333333
4039,07,High School For Recording Arts,2017,0.16
4043,07,Math And Science Academy,2017,0
4057,07,El Colegio Charter School,2017,0.111111111111111
4082,07,Bluesky Charter School,2017,0.303030303030303
4102,07,Minnesota Internship Center,2017,0.14
4103,07,Hmong College Prep Academy,2017,0.0353982300884956
4104,07,Paladin Career And Technical High School,2017,0.177777777777778
4107,07,Voyageurs Expeditionary,2017,0.416666666666667
4111,07,Augsburg Fairview Academy,2017,0.157894736842105
4112,07,St Paul Conservatory Performing Art,2017,0.025
4121,07,Ubah Medical Academy Charter School,2017,0
4126,07,Prairie Seeds Academy,2017,0.0491803278688525
4131,07,Metro Schools Charter,2017,0.0545454545454545
4132,07,Twin Cities Academy,2017,0
4178,07,Lincoln International School,2017,0.0441176470588235
4200,07,Step Academy Charter School,2017,0
4204,07,Rochester Stem Academy,2017,0
4237,07,Career Pathways,2017,0.024390243902439
6018,61,Mn River Valley Education District,2017,0
6049,61,River Bend Education District,2017,0.142857142857143
0000,01,Minneapolis-St. Paul International Airport,2017,NA
0001,01,Aitkin,2017,NA
0002,01,Hill City,2017,NA
0004,01,Mcgregor,2017,NA
0023,01,Frazee-Vergas,2017,NA
0025,01,Pine Point,2017,NA
0032,01,Blackduck,2017,NA
0036,01,Kelliher,2017,NA
0051,01,Foley,2017,NA
0075,01,St. Clair,2017,NA
0081,01,Comfrey,2017,NA
0084,01,Sleepy Eye,2017,NA
0085,01,Springfield,2017,NA
0088,01,New Ulm,2017,NA
0091,01,Barnum,2017,NA
0093,01,Carlton,2017,NA
0095,01,Cromwell-Wright,2017,NA
0097,01,Moose Lake,2017,NA
0099,01,Esko,2017,NA
0100,01,Wrenshall,2017,NA
0108,01,Central,2017,NA
0111,01,Watertown-Mayer,2017,NA
0113,01,Walker-Hackensack-Akeley,2017,NA
0116,01,Pillager,2017,NA
0118,01,Northland Community,2017,NA
0129,01,Montevideo,2017,NA
0138,01,North Branch,2017,NA
0139,01,Rush City,2017,NA
0146,01,Barnesville,2017,NA
0150,01,Hawley,2017,NA
0173,01,Mountain Lake,2017,NA
0177,01,Windom,2017,NA
0182,01,Crosby-Ironton,2017,NA
0186,01,Pequot Lakes,2017,NA
0195,01,Randolph,2017,NA
0203,01,Hayfield,2017,NA
0204,01,Kasson-Mantorville,2017,NA
0206,01,Alexandria,2017,NA
0213,01,Osakis,2017,NA
0227,01,Chatfield,2017,NA
0229,01,Lanesboro,2017,NA
0238,01,Mabel-Canton,2017,NA
0239,01,Rushford-Peterson,2017,NA
0242,01,Alden-Conger,2017,NA
0252,01,Cannon Falls,2017,NA
0253,01,Goodhue,2017,NA
0255,01,Pine Island,2017,NA
0256,01,Red Wing,2017,NA
0261,01,Ashby,2017,NA
0264,01,Herman-Norcross,2017,NA
0323,02,Franconia,2017,NA
0277,01,Westonka,2017,NA
0278,01,Orono,2017,NA
0297,01,Spring Grove,2017,NA
0299,01,Caledonia,2017,NA
0300,01,La Crescent-Hokah,2017,NA
0306,01,Laporte,2017,NA
0308,01,Nevis,2017,NA
0309,01,Park Rapids,2017,NA
0314,01,Braham,2017,NA
0316,01,Greenway,2017,NA
0319,01,Nashwauk-Keewatin,2017,NA
0330,01,Heron Lake-Okabena,2017,NA
0332,01,Mora,2017,NA
0333,01,Ogilvie,2017,NA
0345,01,New London-Spicer,2017,NA
0356,01,Lancaster,2017,NA
0361,01,International Falls,2017,NA
0362,01,Littlefork-Big Falls,2017,NA
0363,01,South Koochingching,2017,NA
0378,01,Dawson-Boyd,2017,NA
0381,01,Lake Superior,2017,NA
0390,01,Lake Of The Woods,2017,NA
0391,01,Cleveland,2017,NA
0402,01,Hendricks,2017,NA
0403,01,Ivanhoe,2017,NA
0404,01,Lake Benton,2017,NA
0414,01,Minneota,2017,NA
0415,01,Lynd,2017,NA
0423,01,Hutchinson,2017,NA
0441,01,Marshall County Central,2017,NA
0447,01,Grygla,2017,NA
0458,01,Truman,2017,NA
0463,01,Eden Valley-Watkins,2017,NA
0466,01,Dassel-Cokato,2017,NA
0473,01,Isle,2017,NA
0477,01,Princeton,2017,NA
0482,01,Little Falls,2017,NA
0484,01,Pierz,2017,NA
0485,01,Royalton,2017,NA
0486,01,Swanville,2017,NA
0487,01,Upsala,2017,NA
0495,01,Grand Meadow,2017,NA
0497,01,Lyle,2017,NA
0499,01,Leroy-Ostrander,2017,NA
0500,01,Southland,2017,NA
0505,01,Fulda,2017,NA
0507,01,Nicollet,2017,NA
0511,01,Adrian,2017,NA
0514,01,Ellsworth,2017,NA
0531,01,Byron,2017,NA
0533,01,Dover-Eyota,2017,NA
0534,01,Stewartville,2017,NA
0542,01,Battle Lake,2017,NA
0544,01,Fergus Falls,2017,NA
0545,01,Henning,2017,NA
0547,01,Parkers Prairie,2017,NA
0550,01,Underwood,2017,NA
0553,01,New York Mills,2017,NA
0561,01,Goodridge,2017,NA
0577,01,Willow River,2017,NA
0578,01,Pine City,2017,NA
0581,01,Edgerton,2017,NA
0592,01,Climax-Shelly,2017,NA
0595,01,East Grand Forks,2017,NA
0599,01,Fertile-Beltrami,2017,NA
0600,01,Fisher,2017,NA
0601,01,Fosston,2017,NA
0630,01,Red Lake Falls,2017,NA
0600,01,Fisher,2017,NA
0635,01,Milroy,2017,NA
0640,01,Wabasso,2017,NA
0671,01,Hills-Beaver Creek,2017,NA
0676,01,Badger,2017,NA
0682,01,Roseau,2017,NA
0695,01,Chisholm,2017,NA
0696,01,Ely,2017,NA
0698,01,Floodwood,2017,NA
0700,01,Hermantown,2017,NA
0701,01,Hibbing,2017,NA
0704,01,Proctor,2017,NA
0706,01,Virginia,2017,NA
0707,01,Nett Lake,2017,NA
0712,01,Mountain Iron-Buhl,2017,NA
0716,01,Belle Plaine,2017,NA
0726,01,Becker,2017,NA
0738,01,Holdingford,2017,NA
0739,01,Kimball,2017,NA
0741,01,Paynesville,2017,NA
0743,01,Sauk Centre,2017,NA
0745,01,Albany,2017,NA
0748,01,Sartell-St. Stephen,2017,NA
0756,01,Blooming Prairie,2017,NA
0763,01,Medford,2017,NA
0768,01,Hancock,2017,NA
0771,01,Chokio-Alberta,2017,NA
0775,01,Kerkhoven-Murdock-Sunburg,2017,NA
0777,01,Benson,2017,NA
0786,01,Bertha-Hewitt,2017,NA
0787,01,Browerville,2017,NA
0801,01,Browns Valley,2017,NA
0803,01,Wheaton Area,2017,NA
0811,01,Wabasha-Kellogg,2017,NA
0813,01,Lake City,2017,NA
0815,02,Prinsburg,2017,NA
0818,01,Verndale,2017,NA
0820,01,Sebeka,2017,NA
0821,01,Menahga,2017,NA
0836,01,Butterfiled-Odin,2017,NA
0846,01,Breckenridge,2017,NA
0850,01,Rothsay,2017,NA
0852,01,Campbell-Tintah,2017,NA
0857,01,Lewiston-Altura,2017,NA
0876,01,Annandale,2017,NA
0879,01,Delano,2017,NA
0881,01,Maple Lake,2017,NA
0883,01,Rockford,2017,NA
0891,01,Canby,2017,NA
0912,01,Milaca,2017,NA
0914,01,Ulen-Hitterdal,2017,NA
2071,01,Lake Crystal-Wellcome Memorial,2017,NA
2125,01,Triton,2017,NA
2134,01,United South Central,2017,NA
2135,01,Maple River,2017,NA
2137,01,Kingsland,2017,NA
2143,01,Waterville-Elysian-Morristown,2017,NA
2144,01,Chisago Lakes,2017,NA
2149,01,Minnewaska,2017,NA
2154,01,Eveleth-Gilbert,2017,NA
2155,01,Wadena-Deer Creek,2017,NA
2159,01,Buffalo Lake-Hector-Stewart,2017,NA
2164,01,Dilworth-Glyndon-Felton,2017,NA
2165,01,Hinkcley-Finlayson,2017,NA
2167,01,Lakeview,2017,NA
2168,01,N.r.h.e.g.,2017,NA
2169,01,Murray County Central,2017,NA
2170,01,Staples-Motley,2017,NA
2171,01,Kittson Central,2017,NA
2172,01,Kenyon-Wanamingo,2017,NA
2174,01,Pine River-Backus,2017,NA
2176,01,Warren-Alvarado-Oslo,2017,NA
2180,01,M.a.c.c.r.a.y,2017,NA
2184,01,Luverne,2017,NA
2190,01,Yellow Medicine East,2017,NA
2198,01,Fillmore Central,2017,NA
2215,01,Norman County East,2017,NA
2311,01,Clearbrook-Gonvick,2017,NA
2342,01,West Central Area,2017,NA
2358,01,Tri-County,2017,NA
2364,01,Belgrade-Brooten-Elrosa,2017,NA
2396,01,A.c.g.c.,2017,NA
2448,01,Martin County West,2017,NA
2527,01,Norman County West,2017,NA
2534,01,Bird Island-Olivia-Lake Lillian,2017,NA
2536,01,Granada-Huntley-East Chain,2017,NA
2580,01,East Central,2017,NA
2609,01,Win-E-Mac,2017,NA
2683,01,Greenbush-Middle River,2017,NA
2687,01,Howard Lake-Waverly-Winsted,2017,NA
2689,01,Pipestone Area,2017,NA
2711,01,Mesabi East,2017,NA
2754,01,Cedar Mountain,2017,NA
2759,01,Eagle Valley,2017,NA
2769,01,Morris Area,2017,NA
2805,01,Zumbrota-Mazeppa,2017,NA
2835,01,Janesville-Waldorf-Pemberton,2017,NA
2853,01,Lac Qui Parle Valley,2017,NA
2854,01,Ada-Borup,2017,NA
2856,01,Stephen-Argyle Central,2017,NA
2860,01,Blue Earth Area,2017,NA
2884,01,Red Rock Central,2017,NA
2886,01,Glenville-Emmons,2017,NA
2888,01,Clinton-Graceville-Beardsley,2017,NA
2889,01,Lake Park-Audubon,2017,NA
2895,01,Jackson Coutny Central,2017,NA
2899,01,Plainview-Elgin-Millville,2017,NA
2902,01,Russell-Tyler-Ruthton,2017,NA
2903,01,Ortonville,2017,NA
2904,01,Tracy Area,2017,NA
2906,01,Red Lake County Central,2017,NA
2908,01,Brandon-Evansville,2017,NA
2907,01,Round Lake-Brewster,2017,NA
